
##
##RewriteCond %{HTTP_HOST} ^stg\.cfs\.com\.au$ [NC]
##RewriteRule ^(.*)$ https://www.stg.cfs.com.au/$1 [L,R=301,QSA]

## Rewrite rules for Employer Start
RewriteRule ^(/content/cfs-winged/au/en/employer/employer-super.html|/employer/employer-super.html|/employer/employer-super)$  /employer.html [L,R=301]
RewriteRule ^(/content/cfs-winged/au/en/employer/service-and-support/for-my-company.html|/employer/service-and-support/for-my-company.html|/employer/service-and-support/for-my-company)$  /employer/service-and-support/support-for-your-company.html [L,R=301]
RewriteRule ^(/content/cfs-winged/au/en/employer/policycommittee.html|/employer/policycommittee.html|/employer/policycommittee)$  https://www.cfs.com.au/content/dam/prospects/fs/8/5/fs856.pdf [NE,L,R=301]
RewriteRule ^(/content/cfs-winged/au/en/employer/first-choice-employer-super/insurance/your-insurance-options.html|/employer/first-choice-employer-super/insurance/your-insurance-options.html|/employer/first-choice-employer-super/insurance/your-insurance-options)$  /employer/super/insurance/your-insurance-options.html [L,R=301]
RewriteRule ^(/content/cfs-winged/au/en/employer/first-choice-employer-super/insurance.html|/employer/first-choice-employer-super/insurance.html|/employer/first-choice-employer-super/insurance)$  /employer/insurance.html [L,R=301]
RewriteRule ^(/content/cfs-winged/au/en/employer/first-choice-employer-super/insurance/insurance-through-aia-australia.html|/employer/first-choice-employer-super/insurance/insurance-through-aia-australia.html|/employer/first-choice-employer-super/insurance/insurance-through-aia-australia)$  /employer/insurance-for-employers/first-choice-employer-super-insurance.html [L,R=301]
RewriteRule ^(/content/cfs-winged/au/en/employer/first-choice-employer-super.html|/employer/first-choice-employer-super.html|/employer/first-choice-employer-super)$  /employer/super.html [L,R=301]
RewriteRule ^(/content/cfs-winged/au/en/employer/first-choice-employer-super/corporate-super-specialists.html|/employer/first-choice-employer-super/corporate-super-specialists.html|/employer/first-choice-employer-super/corporate-super-specialists)$  /employer/service-and-support/corporate-super-specialist.html [L,R=301]
RewriteRule ^(/content/cfs-winged/au/en/employer/super/insurance/insurance-through-aia-australia.html|/employer/super/insurance/insurance-through-aia-australia.html|/employer/super/insurance/insurance-through-aia-australia)$  /employer/insurance-for-employers/first-choice-employer-super-insurance.html [L,R=301]
RewriteRule ^(/content/cfs-winged/au/en/employer/super/about-employer-super.html|/employer/super/about-employer-super.html|/employer/super/about-employer-super)$  /employer/super.html [L,R=301]
RewriteRule ^(/content/cfs-winged/au/en/employer/guidance/super-updates/employer-news.html|/employer/guidance/super-updates/employer-news.html|/employer/guidance/super-updates/employer-news)$  /employer/resources/employer-insights-news.html [L,R=301]
RewriteRule ^(/content/cfs-winged/au/en/employer/guidance/super-updates.html|/employer/guidance/super-updates.html|/employer/guidance/super-updates)$  /employer/resources/employer-insights-news.html [L,R=301]
RewriteRule ^(/content/cfs-winged/au/en/employer/guidance.html|/employer/guidance.html|/employer/guidance)$  /employer/service-and-support/support-for-your-company.html [L,R=301]
RewriteRule ^(/content/cfs-winged/au/en/employer/employer-super/investment-options.html|/employer/employer-super/investment-options.html|/employer/employer-super/investment-options)$  /employer/investment-options.html [L,R=301]
RewriteRule ^(/content/cfs-winged/au/en/employer/employer-super/employee-benefits.html|/employer/employer-super/employee-benefits.html|/employer/employer-super/employee-benefits)$  /employer/employee-benefits.html [L,R=301]
RewriteRule ^(/content/cfs-winged/au/en/employer/guidance/super-updates/employer-news/bulk-upload-changes.html|/employer/guidance/super-updates/employer-news/bulk-upload-changes.html|/employer/guidance/super-updates/employer-news/bulk-upload-changes)$  /employer/resources/employer-insights-news/bulk-upload-changes.html [L,R=301]
RewriteRule ^(/content/cfs-winged/au/en/employer/guidance/super-updates/employer-news/new-super-to-pension-like-for-like-option.html|/employer/guidance/super-updates/employer-news/new-super-to-pension-like-for-like-option.html|/employer/guidance/super-updates/employer-news/new-super-to-pension-like-for-like-option)$  /employer/resources/employer-insights-news/new-super-to-pension-like-for-like-option.html [L,R=301]
RewriteRule ^(/content/cfs-winged/au/en/employer/guidance/super-updates/employer-news/fc-statements-annual-issue.html|/employer/guidance/super-updates/employer-news/fc-statements-annual-issue.html|/employer/guidance/super-updates/employer-news/fc-statements-annual-issue)$  /employer/resources/employer-insights-news/fc-statements-annual-issue.html [L,R=301]
RewriteRule ^(/content/cfs-winged/au/en/employer/guidance/super-updates/federal-budget-2023.html|/employer/guidance/super-updates/federal-budget-2023.html|/employer/guidance/super-updates/federal-budget-2023)$  /employer/resources/employer-insights-news/federal-budget-2023.html [L,R=301]
RewriteRule ^(/content/cfs-winged/au/en/employer/guidance/your-obligations.html|/employer/guidance/your-obligations.html|/employer/guidance/your-obligations)$  /employer/service-and-support/support-for-your-company/your-obligations.html [L,R=301]
RewriteRule ^(/content/cfs-winged/au/en/employer/guidance/how-to-pay-super.html|/employer/guidance/how-to-pay-super.html|/employer/guidance/how-to-pay-super)$  /employer/service-and-support/support-for-your-company/how-to-pay-super.html [L,R=301]

## Rewrite rules for Employer End

## Rewrite rules for AboutUs Start
RewriteRule ^(/content/cfs-winged/au/en/about-us/terms-and-disclosure/Our-usi-abn.html|/about-us/terms-and-disclosure/Our-usi-abn|/about-us/terms-and-disclosure/Our-usi-abn.html)$  /about-us.html#fund-details [NE,L,R=301]
RewriteRule ^(/content/cfs-winged/au/en/about-us/terms-and-disclosure/terms-of-use.html|/about-us/terms-and-disclosure/terms-of-use.html|/about-us/terms-and-disclosure/terms-of-use)$  /about-us/terms-and-disclosure.html [L,R=301]
RewriteRule ^(/content/cfs-winged/au/en/about-us/terms-and-disclosure/security.html|/about-us/terms-and-disclosure/security.html|/about-us/terms-and-disclosure/security)$  /staying-safe-online.html [L,R=301]
RewriteRule ^(/content/cfs-winged/au/en/about-us/terms-and-disclosure/Our-usi-spin-abn.html|/about-us/terms-and-disclosure/Our-usi-spin-abn.html|/about-us/terms-and-disclosure/Our-usi-spin-abn)$  /about-us.html#fund-details [NE,L,R=301]
RewriteRule ^(/content/cfs-winged/au/en/about-us/terms-and-disclosure/issuer-information.html|/about-us/terms-and-disclosure/issuer-information.html|/about-us/terms-and-disclosure/issuer-information)$  /about-us.html#fund-details [NE,L,R=301]
RewriteRule ^(/content/cfs-winged/au/en/about-us/corporate-governance/policies-and-practices.html|/about-us/corporate-governance/policies-and-practices.html|/about-us/corporate-governance/policies-and-practices)$  /about-us.html#corporate-governance||policies-and-practices [NE,L,R=301]
RewriteRule ^(/content/cfs-winged/au/en/about-us/corporate-governance/ASIC-reference-checking-protocol.html|/about-us/corporate-governance/ASIC-reference-checking-protocol.html|/about-us/corporate-governance/ASIC-reference-checking-protocol)$  /about-us.html#corporate-governance||asic-reference-checking-protocol [NE,L,R=301]
RewriteRule ^(/content/cfs-winged/au/en/about-us/corporate-governance/responsible-entity-and-investment-documents.html|/about-us/corporate-governance/responsible-entity-and-investment-documents.html|/about-us/corporate-governance/responsible-entity-and-investment-documents)$  /about-us.html#corporate-governance||responsible-entity-and-investment-documents [NE,L,R=301]
RewriteRule ^(/content/cfs-winged/au/en/about-us/corporate-governance/annual-reports.html|/about-us/corporate-governance/annual-reports.html|/about-us/corporate-governance/annual-reports)$  /about-us.html#annual-reports [NE,L,R=301]
RewriteRule ^(/content/cfs-winged/au/en/about-us/corporate-governance.html|/about-us/corporate-governance.html|/about-us/corporate-governance)$  /about-us.html#corporate-governance [NE,L,R=301]
RewriteRule ^(/content/cfs-winged/au/en/about-us/corporate-governance/conflict-management.html|/about-us/corporate-governance/conflict-management.html|/about-us/corporate-governance/conflict-management)$  /about-us.html#corporate-governance||conflict-management [NE,L,R=301]
RewriteRule ^(/content/cfs-winged/au/en/about-us/corporate-governance/trustee-and-fund-documents.html|/about-us/corporate-governance/trustee-and-fund-documents.html|/about-us/corporate-governance/trustee-and-fund-documents)$  /about-us.html#corporate-governance||trustee-and-fund-documents [NE,L,R=301]
RewriteRule ^(/content/cfs-winged/au/en/about-us/corporate-profile/careers-at-CFS.html|/about-us/corporate-profile/careers-at-CFS.html|/about-us/corporate-profile/careers-at-CFS)$  /about-us/cfs-careers.html [L,R=301]
RewriteRule ^(/content/cfs-winged/au/en/about-us/corporate-profile/our-approach.html|/about-us/corporate-profile/our-approach.html|/about-us/corporate-profile/our-approach)$  /about-us/responsible-investing/our-beliefs-and-approach.html [L,R=301]
RewriteRule ^(/content/cfs-winged/au/en/about-us/corporate-profile/our-people.html|/about-us/corporate-profile/our-people.html|/about-us/corporate-profile/our-people)$  /about-us/our-people.html [L,R=301]
RewriteRule ^(/content/cfs-winged/au/en/about-us/corporate-profile/community.html|/about-us/corporate-profile/community.html|/about-us/corporate-profile/community)$  /about-us.html#community [NE,L,R=301]
RewriteRule ^(/content/cfs-winged/au/en/about-us/corporate-profile/community/reconciliation.html|/about-us/corporate-profile/community/reconciliation.html|/about-us/corporate-profile/community/reconciliation)$  /about-us/reconciliation.html [L,R=301]
RewriteRule ^(/content/cfs-winged/au/en/about-us/corporate-profile.html|/about-us/corporate-profile.html|/about-us/corporate-profile)$  /about-us.html [L,R=301]
RewriteRule ^(/content/cfs-winged/au/en/about-us/corporate-profile/responsible-investment/modern-slavery.html|/about-us/corporate-profile/responsible-investment/modern-slavery.html|/about-us/corporate-profile/responsible-investment/modern-slavery)$  /about-us/responsible-investing/modern-slavery.html [L,R=301]
RewriteRule ^(/content/cfs-winged/au/en/about-us/corporate-profile/responsible-investment/our-responsible-investing-journey.html|/about-us/corporate-profile/responsible-investment/our-responsible-investing-journey.html|/about-us/corporate-profile/responsible-investment/our-responsible-investing-journey)$  /about-us/responsible-investing/our-responsible-investing-journey.html [L,R=301]
RewriteRule ^(/content/cfs-winged/au/en/about-us/corporate-profile/responsible-investment/our-beliefs-lead-to-our-approach.html|/about-us/corporate-profile/responsible-investment/our-beliefs-lead-to-our-approach.html|/about-us/corporate-profile/responsible-investment/our-beliefs-lead-to-our-approach)$  /about-us/responsible-investing/our-beliefs-and-approach.html [L,R=301]
RewriteRule ^(/content/cfs-winged/au/en/about-us/corporate-profile/responsible-investment.html|/about-us/corporate-profile/responsible-investment.html|/about-us/corporate-profile/responsible-investment)$  /about-us/responsible-investing.html [L,R=301]
RewriteRule ^(/content/cfs-winged/au/en/about-us/corporate-profile/responsible-investment/climate-change.html|/about-us/corporate-profile/responsible-investment/climate-change.html|/about-us/corporate-profile/responsible-investment/climate-change)$  /about-us/responsible-investing/climate-change.html [L,R=301]
RewriteRule ^(/content/cfs-winged/au/en/about-us/corporate-profile/responsible-investment/active-ownership.html|/about-us/corporate-profile/responsible-investment/active-ownership.html|/about-us/corporate-profile/responsible-investment/active-ownership)$  /about-us/responsible-investing/active-ownership.html [L,R=301]
RewriteRule ^(/content/cfs-winged/au/en/about-us/corporate-profile/awards.html|/about-us/corporate-profile/awards.html|/about-us/corporate-profile/awards)$  /about-us/cfs-awards.html [L,R=301]
RewriteRule ^(/content/cfs-winged/au/en/about-us/contact-us/contact-details.html|/about-us/contact-us/contact-details.html|/about-us/contact-us/contact-details|/about-us/contact-us|contact-us[/]*|contact-us.html|/contactus[/]*|contactus.html|/contact-us|/about-us/contact-us[/]*|/about-us/contactus[/]*|/about-us/contactus.html)$  /about-us/contact-us.html [L,R=301]
RewriteRule ^(/content/cfs-winged/au/en/about-us/corporate-profile/media.html|/about-us/corporate-profile/media|/about-us/corporate-profile/media.html)$  /about-us.html#media-releases [NE,L,R=301]
RewriteRule ^(/content/cfs-winged/au/en/about-us/terms-and-disclosure/terms-of-use/firstnet.html|/about-us/terms-and-disclosure/terms-of-use/firstnet.html|/about-us/terms-and-disclosure/terms-of-use/firstnet)$  /about-us/terms-and-disclosure/firstnet.html [L,R=301]
RewriteRule ^(/content/cfs-winged/au/en/about-us/corporate-governance/policies-and-practices/CFS-Third-party-Code-Of-Conduct.html|/about-us/corporate-governance/policies-and-practices/CFS-Third-party-Code-Of-Conduct.html|/about-us/corporate-governance/policies-and-practices/CFS-Third-party-Code-Of-Conduct)$  /about-us/CFS-Third-party-Code-Of-Conduct.html [L,R=301]

## Rewrite rules for AboutUs End

## Rewrite rules from vanity
RewriteRule ^/next/(.+)$ /$1 [QSA,L,R=301]
RewriteRule ^/firsttech/?$ /firsttech.html [QSA,NC,L,R=301]
RewriteRule ^/Firsttech-App/?$ /Firsttech-App.html [QSA,L,R=301]
RewriteRule ^/(adviser-thrive|adviser-thrive.html)$ /adviser/investments/investment-solutions/multi-asset/thrive-plus.html?intcid=adviser-investments-investment-solutions-multi-asset-thrive-plus-herobanner [QSA,L,R=302]
RewriteRule ^/cfsedge$ /cfsedge.html [QSA,L,R=302]
RewriteRule ^/(complex|complex.html)$  /content/dam/prospects/fs/5/3/fs5383.pdf [L,R=301]
RewriteRule ^/(firstchoiceinsurance|firstchoiceinsurance.html)$  /content/dam/prospects/fs/4/3/fs4329.pdf [L,R=301]
RewriteRule ^/(appointment|appointment.html)$  /personal/campaigns/appointment.html [L,R=301]
RewriteRule ^/content/colonial-first-state/en/eform-cfs/feedback-form.html$  /eform-cfs/feedback-form-v2.html [L,R=301]
RewriteRule ^/(fsg|fsg.html)$  /about-us/terms-and-disclosure/financial-services-guide.html [L,R=301]
RewriteRule ^/(privacy|privacy.html)$  /about-us/terms-and-disclosure/privacy.html [L,R=301]
RewriteRule ^/content/colonial-first-state/en/about-us/terms-and-disclosure/complaints-policy.html$  /about-us/contact-us/complaints.html [L,R=301]
RewriteRule ^/(complaints|complaints.html)$  /about-us/contact-us/complaints.html [L,R=301]
RewriteRule ^/content/colonial-first-state/en/about-us/terms-and-disclosure/Our-usi-abn.html$  /about-us/terms-and-disclosure/Our-usi-spin-abn.html [L,R=301]
RewriteRule ^/(firstnet-terms|firstnet-terms.html)$  /about-us/terms-and-disclosure/terms-of-use/firstnet.html [L,R=301]
RewriteRule ^/(terms-of-use|terms-of-use.html|termsofuse|termsofuse.html)$  /about-us/terms-and-disclosure/terms-of-use.html [L,R=301]
RewriteRule ^/content/colonial-first-state/en/about-us/terms-and-disclosure/security/test_sample_vanity.html$  /personal/resources/find-a-form/tax-guides.html [L,R=301]
RewriteRule ^/(security|security.html)$  /about-us/terms-and-disclosure/security.html [L,R=301]
RewriteRule ^/content/colonial-first-state/en/about-us/terms-and-disclosure/security/test_sample_only_vanity.html$  /personal/resources/find-a-form/tax-guides.html [L,R=301]
RewriteRule ^/(information-handling|information-handling.html)$  /about-us/terms-and-disclosure/security/how-colonial-first-state-protects-your-information.html [L,R=301]
RewriteRule ^/(DataClass|DataClass.html)$  /about-us/terms-and-disclosure/security/how-colonial-first-state-protects-your-information.html [L,R=301]
RewriteRule ^/(information-classification|information-classification.html)$  /about-us/terms-and-disclosure/security/how-colonial-first-state-protects-your-information.html [L,R=301]
RewriteRule ^/content/colonial-first-state/en/about-us/terms-and-disclosure/security/beware-of-scams/setting-up-a-support-team-redirect.html$  /content/dam/colonial-first-state/docs/adviser/campaign/elder-financial-abuse/4-29062-E-CFS-Setting-up-a-support-team-Flyer-0322-v01-FINAL.pdf [L,R=301]
RewriteRule ^/(EFAsettingupasupportteamflyer|EFAsettingupasupportteamflyer.html)$  /content/dam/colonial-first-state/docs/adviser/campaign/elder-financial-abuse/4-29062-E-CFS-Setting-up-a-support-team-Flyer-0322-v01-FINAL.pdf [L,R=301]
RewriteRule ^/content/colonial-first-state/en/about-us/terms-and-disclosure/security/beware-of-scams/protecting-yourself-and-your-loved-ones-from-elder-financial-abu.html$  /content/dam/colonial-first-state/docs/adviser/campaign/elder-financial-abuse/3-29062-EFA-Protecting-yourself-Client-e-Book-FS7596-0322-v02-FINAL.pdf [L,R=301]
RewriteRule ^/(EFAprotectingyyourselfclientebook|EFAprotectingyyourselfclientebook.html)$  /content/dam/colonial-first-state/docs/adviser/campaign/elder-financial-abuse/3-29062-EFA-Protecting-yourself-Client-e-Book-FS7596-0322-v02-FINAL.pdf [L,R=301]
RewriteRule ^/content/colonial-first-state/en/about-us/terms-and-disclosure/security/beware-of-scams/getting-the-right-support-redirect.html$  /content/dam/colonial-first-state/docs/adviser/campaign/elder-financial-abuse/2-29062-EFA-Getting-right-support-0322-v01-FINAL.pdf [L,R=301]
RewriteRule ^/(EFAgettingrightsupportflyer|EFAgettingrightsupportflyer.html)$  /content/dam/colonial-first-state/docs/adviser/campaign/elder-financial-abuse/2-29062-EFA-Getting-right-support-0322-v01-FINAL.pdf [L,R=301]
RewriteRule ^/content/colonial-first-state/en/about-us/terms-and-disclosure/issuer-information.html$  /about-us/terms-and-disclosure/Our-usi-spin-abn.html [L,R=301]
RewriteRule ^/(issuer-information|issuer-information.html|issuer|issuer.html)$  /about-us/terms-and-disclosure/Our-usi-spin-abn.html [L,R=301]
RewriteRule ^/(cookies|cookies.html)$  /about-us/terms-and-disclosure/cookies.html [L,R=301]
RewriteRule ^/(annual-reports|annual-reports.html|annualreports|annualreports.html)$  /about-us/corporate-governance/annual-reports.html [L,R=301]
RewriteRule ^/(conflicts|conflicts.html)$  /about-us/corporate-governance/conflict-management.html [L,R=301]
RewriteRule ^/(about-us[/]*|about-us.html|aboutus[/]*|aboutus.html)$  /content/cfs-winged/au/en/about-us.html [L,PT]
RewriteRule ^/content/colonial-first-state/en/about-us/corporate-profile.html$  /about-us/corporate-profile/our-approach.html [L,R=301]
RewriteRule ^/(optoutnotice[/]*|optoutnotice.html)$  /content/cfs-winged/au/en/about-us/corporate-profile/media/Federal-Court-Opt-Out-Notice.html [L,PT]
RewriteRule ^/(s29wa|s29wa.html)$  /about-us/corporate-profile/media/Adverse-Publicity-Notice.html [L,R=301]
RewriteRule ^/(responsibleinvestment[/]*|responsibleinvestment.html)$  /content/cfs-winged/au/en/about-us/corporate-profile/responsible-investment.html [L,PT]
RewriteRule ^/(complaints[/]*|complaints.html)$  /content/cfs-winged/au/en/about-us/contact-us/complaints.html [L,PT]
RewriteRule ^/content/colonial-first-state/en/about-us/contact-us.html$  /about-us/contact-us/contact-details.html [L,R=301]
RewriteRule ^/(contact-us[/]*|contact-us.html|/contactus[/]*|contactus.html)$  /content/cfs-winged/au/en/about-us/contact-us/contact-details.html [L,PT]
RewriteRule ^/(feedback[/]*|feedback.html)$  /content/cfs-winged/au/en/about-us/contact-us/feedback.html [L,PT]
RewriteRule ^/(Vanitytopicpage/test|Vanitytopicpage/test.html)$  /r30_testpages/topicpage_r30.html [L,R=301]
RewriteRule ^/content/colonial-first-state/en/r30_testpages/taskpage_r30/cfspage-two.html$  /personal/overview/super-overview/Grow-and-add-to-your-super.html [L,R=301]
RewriteRule ^/content/colonial-first-state/en/r30_testpages/taskpage_r30/bundlepage_r30.html$  /about-us/corporate-profile/community/community-overview.html [L,R=301]
RewriteRule ^/(bundlepage/test|bundlepage/test.html)$  /about-us/corporate-profile/community/community-overview.html [L,R=301]
RewriteRule ^/(cfspage-vanityone[/]*|cfspage-vanityone.html|/cfs/vanityone[/]*|cfs/vanityone.html)$  /content/cfs-winged/au/en/r30_testpages/taskpage_r30/cfspage_test.html [L,PT]
RewriteRule ^/content/colonial-first-state/en/r30_testpages/taskpage_r30/cfspage3-test0.html$  /employer/search-employer.html [L,R=301]
RewriteRule ^/(cfstestfour|cfstestfour.html)$  /employer/search-employer.html [L,R=301]
RewriteRule ^/(vanitytaskpageone[/]*|vanitytaskpageone.html|vanitytaskpageone/test.html[/]*)$  /content/cfs-winged/au/en/r30_testpages/taskpage_r30.html [L,PT]
RewriteRule ^/(cfs/pagethree|cfs/pagethree.html)$  /r30_testpages/taskpage_r30/cfspage3-test.html [L,R=301]
RewriteRule ^/content/colonial-first-state/en/r30_testpages/taskpage_r30/homepage_r30.html$  /about-us/corporate-governance.html [L,R=301]
RewriteRule ^/vanityhomepage.html$  /about-us/corporate-governance.html [L,R=301]
RewriteRule ^/content/colonial-first-state/en/r30_testpages/explainerpage_r30.html$  /personal/overview/super-overview/Grow-and-add-to-your-super.html [L,R=301]
RewriteRule ^/content/colonial-first-state/en/cfsedge.html$  /personal.html [L,R=301]
RewriteRule ^/content/colonial-first-state/en/Archive/guidance/growing-your-super.html$  /personal/overview/super-overview.html [L,R=301]
RewriteRule ^/content/colonial-first-state/en/FirstNet.html$  https://www.colonialfirststate.com.au/Firstnet/Login.aspx?CompanyCode=001 [L,R=301]
RewriteRule ^/(firstnet|firstnet.html)$  https://www.colonialfirststate.com.au/Firstnet/Login.aspx?CompanyCode=001 [L,R=301]
RewriteRule ^/content/colonial-first-state/en/adviser/platform-adviser/news-and-updates/cfs-news-nav.html$  /adviser/platform-adviser/adviser-news.html [L,R=301]
RewriteRule ^/content/colonial-first-state/en/adviser/platform-adviser/news-and-updates.html$  /adviser/platform-adviser/news-and-updates/cfs-news.html [L,R=301]
RewriteRule ^/(TRmembers|TRmembers.html)$  /adviser/platform-adviser/news-and-updates/cfs-news/changes-to-our-super-trustee-and-wrap-IDPS-operator-structure.html [L,R=301]
RewriteRule ^/(firstrate[/]*|firstrate.html)$  /content/cfs-winged/au/en/adviser/platform-adviser/news-and-updates/cfs-news/firstrate-interest-rate-changes.html [L,PT]
RewriteRule ^(new-wrap-platform[/]*|new-wrap-platform.html)$  /content/cfs-winged/au/en/adviser/platform-adviser/news-and-updates/cfs-news/new-wrap-platform.html [L,PT]
RewriteRule ^/adviser/platforms-adviser$  /adviser/platform-adviser.html [L,R=301]
RewriteRule ^/adviser/platforms-adviser.html$  /adviser/platform-adviser.html [L,R=301]
RewriteRule ^/(platforms|platforms.html|platform|platform.html)$  /adviser/platform-adviser.html [L,R=301]

RewriteRule ^/(supportstaffhub[/]*|supportstaffhub.html)$  /content/cfs-winged/au/en/adviser/platform-adviser/campaigns/elevate/support-staff-hub.html [L,PT]
RewriteRule ^/striver/superfundamentals[/]*$  /content/cfs-winged/au/en/adviser/platform-adviser/campaigns/Supporting-the-next-generation/super-fundamentals.html [L,PT]
RewriteRule ^/striver/superfundamentals.html$  /content/cfs-winged/au/en/adviser/platform-adviser/campaigns/Supporting-the-next-generation/super-fundamentals.html [L,PT]
RewriteRule ^/(striver[/]*|striver.html)$  /content/cfs-winged/au/en/adviser/platform-adviser/campaigns/Supporting-the-next-generation.html [L,PT]
RewriteRule ^/(striver/investmentfundamentals|striver/investmentfundamentals.html)$  /adviser/platform-adviser/campaigns/Supporting-the-next-generation/investment-fundamentals.html [L,R=301]
RewriteRule ^/(stepahead|stepahead.html)$  /adviser/platform-adviser/campaigns/step-ahead.html [L,R=301]
RewriteRule ^/(indexgearing|indexgearing.html)$  /adviser/platform-adviser/campaigns/geared-index-investing.html [L,R=301]
RewriteRule ^/(advicefees|advicefees.html)$  /adviser/platform-adviser/campaigns/advicefees.html [L,R=301]
RewriteRule ^/content/colonial-first-state/en/adviser/platform-adviser/campaigns/marketingignition.html$  /adviser/platform-adviser/campaigns/marketingignition/marketing-ignition.html [L,R=301]
RewriteRule ^/adviser/platforms/campaigns/adobesign-docusign/adobesign-docusign-faqs$  /adviser/platform-adviser/campaigns/electronic-signatures/adobesign-docusign-faqs.html [L,R=301]
RewriteRule ^/adviser/platforms/campaigns/adobesign-docusign/adobesign-docusign-faqs.html$  /adviser/platform-adviser/campaigns/electronic-signatures/adobesign-docusign-faqs.html [L,R=301]
RewriteRule ^/adviser/platforms-adviser/campaigns/adobesign-docusign/adobesign-docusign-faqs$  /adviser/platform-adviser/campaigns/electronic-signatures/adobesign-docusign-faqs.html [L,R=301]
RewriteRule ^/adviser/platforms-adviser/campaigns/adobesign-docusign/adobesign-docusign-faqs.html$  /adviser/platform-adviser/campaigns/electronic-signatures/adobesign-docusign-faqs.html [L,R=301]
RewriteRule ^/adviser/platforms/campaigns/adobesign-docusign$  /adviser/platform-adviser/campaigns/electronic-signatures.html [L,R=301]
RewriteRule ^/adviser/platforms/campaigns/adobesign-docusign.html$  /adviser/platform-adviser/campaigns/electronic-signatures.html [L,R=301]
RewriteRule ^/adviser/platforms/campaigns/adobesign-docusign/adobesign-docusign-firstwrap-forms$  /adviser/platform-adviser/campaigns/electronic-signatures/firstwrap-forms.html [L,R=301]
RewriteRule ^/adviser/platforms/campaigns/adobesign-docusign/adobesign-docusign-firstwrap-forms.html$  /adviser/platform-adviser/campaigns/electronic-signatures/firstwrap-forms.html [L,R=301]
RewriteRule ^/adviser/platforms/campaigns/adobesign-docusign/adobesign-docusign-firstchoice-forms$  /adviser/platform-adviser/campaigns/electronic-signatures/firstchoice-forms.html [L,R=301]
RewriteRule ^/adviser/platforms/campaigns/adobesign-docusign/adobesign-docusign-firstchoice-forms.html$  /adviser/platform-adviser/campaigns/electronic-signatures/firstchoice-forms.html [L,R=301]
RewriteRule ^/content/colonial-first-state/en/adviser/platform-adviser/campaigns/Digita-Rising.html$  /adviser/platform-adviser/campaigns/Digital-Rising.html [L,R=301]
RewriteRule ^/content/colonial-first-state/en/adviser/platform-adviser/campaigns/Digita-Rising/Harnessing-technology-to-drive-business-outcomes.html$  /adviser/platform-adviser/campaigns/Digital-Rising/Harnessing-technology-to-drive-business-outcomes.html [L,R=301]
RewriteRule ^/resources/firsttech-app.html$  /adviser/platform-adviser/campaigns/firsttech-app.html [L,R=301]
RewriteRule ^/resources/firsttech-app$  /adviser/platform-adviser/campaigns/firsttech-app.html [L,R=301]
RewriteRule ^/resources/firsttech-app.html$  /adviser/platform-adviser/campaigns/firsttech-app.html [L,R=301]
RewriteRule ^/firsttech-app$  /adviser/platform-adviser/campaigns/firsttech-app.html [L,R=301]
RewriteRule ^/firsttech-app.html$  /adviser/platform-adviser/campaigns/firsttech-app.html [L,R=301]
RewriteRule ^/content/colonial-first-state/en/adviser/platform-adviser/campaigns/firsttech-redirect.html$  itms-services://?action=download-manifest&url=https://www.colonialfirststate.com.au/firstnet/firsttechapp/FirstTechv1-4.plist [L,R=301]
RewriteRule ^www.cfs.com.au/firstwrapupdates$  /adviser/platform-adviser/campaigns/firstwrap-platform-updates.html [L,R=301]
RewriteRule ^www.cfs.com.au/firstwrapupdates.html$  /adviser/platform-adviser/campaigns/firstwrap-platform-updates.html [L,R=301]
RewriteRule ^/(cybersecurity|cybersecurity.html|cyber-security|cyber-security.html)$  /adviser/platform-adviser/campaigns/cyber-security.html [L,R=301]
RewriteRule ^colonialfirststate.com.au/cybersecurity$  /adviser/platform-adviser/campaigns/cyber-security.html [L,R=301]
RewriteRule ^colonialfirststate.com.au/cybersecurity.html$  /adviser/platform-adviser/campaigns/cyber-security.html [L,R=301]
RewriteRule ^/(firstnet-adviser|firstnet-adviser.html)$  /adviser/platform-adviser/campaigns/digital-enhancements.html [L,R=301]
RewriteRule ^/(continuing-to-deliver-on-member-outcomes|continuing-to-deliver-on-member-outcomes.html)$  /adviser/platform-adviser/campaigns/continuing-to-deliver-on-member-outcomes.html [L,R=301]
RewriteRule ^/content/colonial-first-state/en/adviser/platform-adviser/campaigns/MIF-fee-changes.html$  https://www3.colonialfirststate.com.au/content/dam/prospects/fs/7/2/fs7274.pdf [L,R=301]
RewriteRule ^/(MIF-fee-changes|MIF-fee-changes.html)$  https://www3.colonialfirststate.com.au/content/dam/prospects/fs/7/2/fs7274.pdf [L,R=301]
RewriteRule ^/content/colonial-first-state/en/adviser/platform-adviser/campaigns/support-staff-hub.html$  /adviser/platform-adviser/campaigns/elevate/support-staff-hub.html [L,R=301]
RewriteRule ^/(elderfinancialabuse|elderfinancialabuse.html|EFA|EFA.html)$  /adviser/platform-adviser/campaigns/elder-financial-abuse.html [L,R=301]
RewriteRule ^/(centrestage|centrestage.html)$  /adviser/platform-adviser/campaigns/centre-stage.html [L,R=301]
RewriteRule ^/content/colonial-first-state/en/adviser/platform-adviser/campaigns/budget19.html$  https://www3.colonialfirststate.com.au/adviser/platform-adviser/campaigns/federal-budget-2019-20.html [L,R=301]
RewriteRule ^www3.colonialfirststate.com.au/budget19$  https://www3.colonialfirststate.com.au/adviser/platform-adviser/campaigns/federal-budget-2019-20.html [L,R=301]
RewriteRule ^www3.colonialfirststate.com.au/budget19.html$  https://www3.colonialfirststate.com.au/adviser/platform-adviser/campaigns/federal-budget-2019-20.html [L,R=301]
RewriteRule ^/(indexinvesting|indexinvesting.html)$  /adviser/platform-adviser/campaigns/indexinvesting.html [L,R=301]
RewriteRule ^/(more-choice|more-choice.html)$  /adviser/platform-adviser/campaigns/firstchoice-expanded-investment-options-menu.html [L,R=301]
RewriteRule ^/content/colonial-first-state/en/adviser/platform-adviser/campaigns/managed-accounts.html$  /adviser/platform-adviser/products/managed-accounts.html [L,R=301]
RewriteRule ^/(financialwellbeing|financialwellbeing.html)$  /adviser/platform-adviser/campaigns/financial-wellbeing.html [L,R=301]
RewriteRule ^/content/colonial-first-state/en/adviser/platform-adviser/Edge/cfs-edge-docs/edge-user-agreement.html$  /content/dam/colonial-first-state/images/adviser-platforms/campaigns/b2p-digital-enhancements/cfs-edge-docs/28866-CFS-Edge-User-Agreement-FS8054_v04-FINAL.pdf [L,R=301]
RewriteRule ^/(Edge-user-agreement|Edge-user-agreement.html)$  /content/dam/colonial-first-state/images/adviser-platforms/campaigns/b2p-digital-enhancements/cfs-edge-docs/28866-CFS-Edge-User-Agreement-FS8054_v04-FINAL.pdf [L,R=301]
RewriteRule ^/content/colonial-first-state/en/adviser/platform-adviser/products.html$  /adviser/platform-adviser/products/firstchoice.html [L,R=301]
RewriteRule ^/(managedaccounts|managedaccounts.html|managed-accounts|managed-accounts.html|managedaccounts.html|managed-accounts.html)$  /adviser/platform-adviser/products/managed-accounts.html [L,R=301]
RewriteRule ^/adviser/default.html$  /adviser/platform-adviser/products/managed-accounts.html [L,R=301]
RewriteRule ^/adviser/default.html$  /adviser/platform-adviser/products/managed-accounts.html [L,R=301]
RewriteRule ^/(fcmaspecialistportfolios|fcmaspecialistportfolios.html)$  /adviser/platform-adviser/products/managed-accounts/managed-account-solutions/firstchoice-managed-accounts-specialist-portfolios.html [L,R=301]
RewriteRule ^/(fwmanagedaccounts|fwmanagedaccounts.html)$  /adviser/platform-adviser/products/managed-accounts/managed-account-solutions/managed-accounts-firstwrap.html [L,R=301]
RewriteRule ^/(specialistportfolio|specialistportfolio.html)$  /adviser/platform-adviser/products/managed-accounts/specialist-portfolio.html [L,R=301]
RewriteRule ^/adviser/platforms/(firstwrap|firstwrap.html)$  /adviser/platform-adviser/products/firstwrap.html [L,R=301]
RewriteRule ^/(firstwrapadviser|firstwrapadviser.html)$  /adviser/platform-adviser/products/firstwrap.html [L,R=301]
RewriteRule ^/content/colonial-first-state/en/adviser/platform-adviser/resources/make-a-contribution.html$  /adviser/platform-adviser/resources/make-a-contribution/bpay.html [L,R=301]
RewriteRule ^/(DNA|DNA.html|dna|dna.html)$  /adviser/platform-adviser/resources/adviser-hub/Business-DNA.html [L,R=301]
RewriteRule ^/content/colonial-first-state/en/adviser/platform-adviser/resources/adviser-hub/Business-DNA/DNA-Insights-Q12021.html$  /adviser/platform-adviser/resources/adviser-hub/Business-DNA.html [L,R=301]
RewriteRule ^/(Insights[/]*|Insights.html|insights-report[/]*|insights-report.html)$  /content/cfs-winged/au/en/adviser/platform-adviser/resources/adviser-hub/Business-insights-series/advice-insights-report.html [L,PT]
RewriteRule ^/(insights|insights.html|advice-insights|advice-insights.html)$  /adviser/platform-adviser/resources/adviser-hub/Business-insights-series.html [L,R=301]
RewriteRule ^/(adviserhub|adviserhub.html)$  /adviser/platform-adviser/resources/adviser-hub.html [L,R=301]
RewriteRule ^/adviserhub/(support|support.html|coronavirus|coronavirus.html)$  /adviser/platform-adviser/resources/adviser-hub/Insights-and-Resources.html [L,R=301]
RewriteRule ^/content/colonial-first-state/en/adviser/platform-adviser/resources/adviser-hub/thought-leadership-and-education/FASEA.html$  /adviser/platform-adviser/resources/adviser-hub/thought-leadership-and-education/client-care.html [L,R=301]
RewriteRule ^/content/colonial-first-state/en/adviser/platform-adviser/resources/adviser-hub/thought-leadership-and-education.html$  /adviser/platform-adviser/resources/adviser-hub/thought-leadership-and-education/big-questions.html [L,R=301]
RewriteRule ^/(clientcare|clientcare.html)$  /adviser/platform-adviser/resources/adviser-hub/thought-leadership-and-education/client-care.html [L,R=301]
RewriteRule ^/content/colonial-first-state/en/adviser/platform-adviser/resources/find-a-bdm.html$  /adviser/platform-adviser/resources/find-a-bdm/nsw.html [L,R=301]
RewriteRule ^/platforms/(bdm-contact|bdm-contact.html)$  /adviser/platform-adviser/resources/find-a-bdm/nsw.html [L,R=301]
RewriteRule ^/adviser/(contact|contact.html)$  /adviser/platform-adviser/resources/find-a-bdm/nsw.html [L,R=301]
RewriteRule ^/content/colonial-first-state/en/adviser/platform-adviser/resources/open-an-account.html$  /personal/resources/open-an-account.html [L,R=301]
RewriteRule ^/content/colonial-first-state/en/adviser/platform-adviser/resources/find-a-form.html$  /adviser/platform-adviser/resources/find-a-form/popular-forms.html [L,R=301]
RewriteRule ^/r33/(inv-adviser-redirect-test|inv-adviser-redirect-test.html)$  /adviser/investments-adviser/r33-adviser-redirect.html [L,R=301]
RewriteRule ^/content/colonial-first-state/en/adviser/investments-adviser/archive/investments.html$  /adviser/investments-adviser/resources/find-a-bdm/cfs-bdm.html [L,R=301]
RewriteRule ^/adviser/investments-adviser/funds/global-equities/(baillie-gifford|baillie-gifford.html)$  /adviser/investments-adviser/investment-partners/baillie-gifford-bio.html [L,R=301]
RewriteRule ^/(adviserbailliegifford|adviserbailliegifford.html)$  /adviser/investments-adviser/investment-partners/baillie-gifford-bio.html [L,R=301]
RewriteRule ^/adviser/investments-adviser/funds/global-equities/(generation-investment-management|generation-investment-management.html)$  /adviser/investments-adviser/investment-partners/generation-investment-management-bio.html [L,R=301]
RewriteRule ^/adviser/investments-adviser/funds/(investment-partners|investment-partners.html)$  /adviser/investments-adviser/investment-partners.html [L,R=301]
RewriteRule ^/content/colonial-first-state/en/adviser/investments-adviser/investment-partners/acadian-bio.html$  https://www.acadian-asset.com/au [L,R=301]
RewriteRule ^/adviser/investments-adviser/funds/(multi-manager|multi-manager.html)$  /adviser/investments-adviser/investment-partners/colonial-first-state-investments.html [L,R=301]
RewriteRule ^/content/colonial-first-state/en/adviser/investments-adviser/news-updates/cfs-news-nav.html$  /adviser/platform-adviser/adviser-news.html [L,R=301]
RewriteRule ^/content/colonial-first-state/en/adviser/investments-adviser/news-updates.html$  /adviser/investments-adviser/news-updates/market-updates.html [L,R=301]
RewriteRule ^/(market-updates|market-updates.html)$  /adviser/investments-adviser/news-updates/market-updates.html [L,R=301]
RewriteRule ^/adviser/(investments|investments.html)$  /adviser/investments-adviser.html [L,R=301]
RewriteRule ^/(investments|investments.html)$  /adviser/investments-adviser.html [L,R=301]
RewriteRule ^/content/colonial-first-state/en/adviser/investments-adviser/comminsure-annuity-rates.html$  https://www.comminsureadviser.com.au/our-products/guaranteed-annuities.html [L,R=301]
RewriteRule ^/adviser/investments-adviser/funds/CommInsure/Rates.html$  https://www.comminsureadviser.com.au/our-products/guaranteed-annuities.html [L,R=301]
RewriteRule ^/investments-adviser/funds/CommInsure/Rates.html$  https://www.comminsureadviser.com.au/our-products/guaranteed-annuities.html [L,R=301]
RewriteRule ^/adviser/investments/funds/CommInsure/Rates.html$  https://www.comminsureadviser.com.au/our-products/guaranteed-annuities.html [L,R=301]
RewriteRule ^/content/colonial-first-state/en/adviser/investments-adviser/resources/responsible-investing.html$  /adviser/investments-adviser/resources/responsible-investing/responsible-investment.html [L,R=301]
RewriteRule ^/content/colonial-first-state/en/adviser/investments-adviser/resources/client-education.html$  /adviser/investments-adviser/resources/client-education/conversation-tools.html [L,R=301]
RewriteRule ^/(client-education|client-education.html)$  /adviser/investments-adviser/resources/client-education/conversation-tools.html [L,R=301]
RewriteRule ^/content/colonial-first-state/en/adviser/investments-adviser/resources/find-a-bdm.html$  /adviser/investments-adviser/resources/find-a-bdm/cfs-bdm.html [L,R=301]
RewriteRule ^/content/colonial-first-state/en/adviser/investments-adviser/resources/performance-and-commentary/monthly-reports.html$  /adviser/investments-adviser/resources/performance-and-commentary.html [L,R=301]
RewriteRule ^/content/colonial-first-state/en/adviser/investments-adviser/resources/performance-and-commentary/quarterly-reports.html$  /adviser/investments-adviser/resources/performance-and-commentary.html [L,R=301]
RewriteRule ^/content/colonial-first-state/en/adviser/investments-adviser/investment-solutions/alternatives/acadian-diversified-alpha-fund.html$  https://www.acadian-asset.com/au [L,R=301]
RewriteRule ^/content/colonial-first-state/en/adviser/investments-adviser/investment-solutions/fixed-income/acadian-defensive-income.html$  https://www.acadian-asset.com/au [L,R=301]
RewriteRule ^/content/colonial-first-state/en/adviser/investments-adviser/investment-solutions.html$  /adviser/investments-adviser/investment-solutions/multi-asset.html [L,R=301]
RewriteRule ^/adviser/investments-adviser/(funds|funds.html)$  /adviser/investments-adviser/investment-solutions/multi-asset.html [L,R=301]
RewriteRule ^/content/colonial-first-state/en/adviser/investments-adviser/investment-solutions/global-equities/acadian-global-equity-long-short-fund.html$  https://www.acadian-asset.com/au [L,R=301]
RewriteRule ^/content/colonial-first-state/en/adviser/investments-adviser/investment-solutions/global-equities/acadian-wholesale-sustainable-global-equity-fund.html$  https://www.acadian-asset.com/au [L,R=301]
RewriteRule ^/content/colonial-first-state/en/adviser/investments-adviser/investment-solutions/global-equities/acadian-wholesale-geared-global-equity-fund.html$  https://www.acadian-asset.com/au [L,R=301]
RewriteRule ^/content/colonial-first-state/en/adviser/investments-adviser/investment-solutions/global-equities/acadian-global-managed-volatility-equity-fund.html$  https://www.acadian-asset.com/au [L,R=301]
RewriteRule ^/adviser/investments-adviser/funds/multi-manager/(multi-sector-portfolios|multi-sector-portfolios.html)$  /adviser/investments-adviser/investment-solutions/colonial-first-state/multi-sector.html [L,R=301]
RewriteRule ^/adviser/investments-adviser/funds/multi-manager/single-sector-portfolios$  /adviser/investments-adviser/investment-solutions/colonial-first-state/single-sector.html [L,R=301]
RewriteRule ^/adviser/investments-adviser/funds/multi-manager/single-sector-portfolios.html$  /adviser/investments-adviser/investment-solutions/colonial-first-state/single-sector.html [L,R=301]
RewriteRule ^/content/colonial-first-state/en/adviser/investments-adviser/investment-solutions/colonial-first-state.html$  /adviser/investments-adviser/investment-solutions/colonial-first-state/multi-sector.html [L,R=301]
RewriteRule ^/adviser/investments-adviser/funds/multi-manager/(multi-index-portfolios|multi-index-portfolios.html)$  /adviser/investments-adviser/investment-solutions/colonial-first-state/multi-index.html [L,R=301]
RewriteRule ^/content/colonial-first-state/en/adviser/investments-adviser/investment-solutions/australian-equities/acadian-australian-equity-long-short-fund.html$  https://www.acadian-asset.com/au [L,R=301]
RewriteRule ^/content/colonial-first-state/en/adviser/investments-adviser/investment-solutions/australian-equities/acadian-wholesale-geared-australian-equity-fund.html$  https://www.acadian-asset.com/au [L,R=301]
RewriteRule ^/content/colonial-first-state/en/adviser/investments-adviser/investment-solutions/australian-equities/acadian-wholesale-australian-equity-fund.html$  https://www.acadian-asset.com/au [L,R=301]
RewriteRule ^/content/colonial-first-state/en/adviser/investments-adviser/investment-solutions/australian-equities/acadian-australian-managed-volatility-equity-fund.html$  https://www.acadian-asset.com/au [L,R=301]
RewriteRule ^/content/colonial-first-state/en/forms/downsizer-ato-form.html$  /content/dam/prospects/fs/7/3/fs7370.pdf [L,R=301]
RewriteRule ^/content/colonial-first-state/en/vds-dashboard.html$  https://vds.issgovernance.com/vds/#/ODI2NzA0 [L,R=301]
RewriteRule ^/(votingrecords|votingrecords.html)$  https://vds.issgovernance.com/vds/#/ODI2NzA0 [L,R=301]
RewriteRule ^/content/colonial-first-state/en/firsttech/federalbudget.html$  /firsttech/archive/federal-budget-briefing-paper/federal-budget-2018-19.html [L,R=301]
RewriteRule ^/content/colonial-first-state/en/firsttech/topics/aged-care.html$  /firsttech/topics/aged-care/strategic-updates.html [L,R=301]
RewriteRule ^/content/colonial-first-state/en/firsttech/topics/estate-planning.html$  /firsttech/topics/estate-planning/strategic-updates.html [L,R=301]
RewriteRule ^/content/colonial-first-state/en/firsttech/topics/social-security.html$  /firsttech/topics/social-security/strategic-updates.html [L,R=301]
RewriteRule ^/content/colonial-first-state/en/firsttech/topics/super.html$  /firsttech/topics/super/strategic-updates.html [L,R=301]
RewriteRule ^/content/colonial-first-state/en/firsttech/topics/tax.html$  /firsttech/topics/tax/strategic-updates.html [L,R=301]
RewriteRule ^/content/colonial-first-state/en/firsttech/topics/smsf.html$  /firsttech/topics/smsf/strategic-updates.html [L,R=301]
RewriteRule ^/content/colonial-first-state/en/firsttech/archive-of-original-website/strategy.html$  /firsttech/archive-of-original-website/strategy/latest.html [L,R=301]
RewriteRule ^/content/colonial-first-state/en/firsttech/guides/guides.html$  /firsttech/guides.html [L,R=301]
RewriteRule ^/content/colonial-first-state/en/firsttech/guides/search.html$  /firsttech/guides.html [L,R=301]
RewriteRule ^/content/colonial-first-state/en/firsttech/podcasts.html$  /firsttech/podcasts/2023.html [L,R=301]
RewriteRule ^/content/colonial-first-state/en/firsttech/legislative-developments.html$  /firsttech/legislative-developments/legislative-developments.html [L,R=301]
RewriteRule ^/content/colonial-first-state/en/firsttech/videos.html$  /firsttech/videos/2023.html [L,R=301]
RewriteRule ^/(superhub|superhub.html|supersessions|supersessions.html)$  /employer/fces-employee-hub.html [L,R=301]
RewriteRule ^/(blackmores2004.html|blackmores2004|blackmores2004.html)$  /employer/transition/blackmores.html [L,R=301]
RewriteRule ^/(CFS|CFS.html|cfs|cfs.html)$  /employer/transition/CFS.html [L,R=301]
RewriteRule ^/(kennards|kennards.html)$  /employer/transition/Kennards.html [L,R=301]
RewriteRule ^/(GWF2004|GWF2004.html|gwf|gwf.html|GWF|GWF.html)$  /employer/transition/gwf.html [L,R=301]
RewriteRule ^/(Beach0607|Beach0607.html)$  /employer/transition/BeachEnergy.html [L,R=301]
RewriteRule ^/(LG1203|LG1203.html)$  /employer/transition/lg-electronics.html [L,R=301]
RewriteRule ^/content/colonial-first-state/en/employer/service-and-support/contact.html$  /about-us/contact-us/contact-details.html [L,R=301]
RewriteRule ^/fces/(awards|awards.html)$  /employer/Campaigns/awardwinningsuperfund.html [L,R=301]
RewriteRule ^/content/colonial-first-state/en/employer/first-choice-employer-super/member-benefits.html$  /personal/products/superannuation/employer-super/member-benefits.html [L,R=301]
RewriteRule ^/content/colonial-first-state/en/employer/first-choice-employer-super.html$  /employer/first-choice-employer-super/about-employer-super.html [L,R=301]
RewriteRule ^/content/colonial-first-state/en/employer/first-choice-employer-super/corporate-super-specialists/Find-a-Relationship-Manager1.html$  /employer/first-choice-employer-super/corporate-super-specialists.html [L,R=301]
RewriteRule ^/(corporatespecialists[/]*|corporatespecialists.html)$  /content/cfs-winged/au/en/employer/first-choice-employer-super/corporate-super-specialists.html [L,PT]
RewriteRule ^/(employer[/]*|employer.html)$  /content/cfs-winged/au/en/employer.html [L,PT]
RewriteRule ^/content/colonial-first-state/en/employer/guidance/super-updates-.html$  /employer/guidance/super-updates/employer-news.html [L,R=301]
RewriteRule ^/(selectingsuperawards|selectingsuperawards.html)$  /employer/guidance/super-updates/selectingsuper-award-finalists.html [L,R=301]
RewriteRule ^/content/colonial-first-state/en/employer/resources/complying-fund-letter.html$  http://www.colonialfirststate.com.au/prospects/Compliance_Letter.pdf [L,R=301]
RewriteRule ^/content/colonial-first-state/en/employer/resources/make-a-contribution.html$  /personal/resources/make-a-contribution/bpay.html [L,R=301]
RewriteRule ^/(payment|payment.html|Employer-super-guarantee|Employer-super-guarantee.html)$  /employer/resources/make-a-contribution/Super-Guarantee-Payment-information.html [L,R=301]
RewriteRule ^/content/colonial-first-state/en/employer/resources/find-a-form.html$  /employer/resources/find-a-form/popular-forms.html [L,R=301]
RewriteRule ^/(adviceoverview|adviceoverview.html)$  /personal/overview/advice-overview.html [L,R=301]
RewriteRule ^/(riskprofiler|riskprofiler.html)$  /personal/overview/risk-profiler.html [L,R=301]
RewriteRule ^/content/colonial-first-state/en/personal/overview/intelligent-investing.html$  /personal/news-and-updates/intelligent-investing-hub.html [L,R=301]
RewriteRule ^/(retirementoverview[/]*|retirementoverview.html)$  /content/cfs-winged/au/en/personal/overview/retirement-overview.html [L,PT]
RewriteRule ^/(superchanges|superchanges.html)$  /personal/overview/articles/new-opportunities-to-grow-your-super-from-1-july-2022.html [L,R=301]
RewriteRule ^(insurance|insurance.html)$  /personal/overview/articles/how-to-choose-life-insurance-policy.html [L,R=301]
RewriteRule ^/content/colonial-first-state/en/personal/overview/market-update.html$  /personal/news-and-updates/market-updates.html [L,R=301]
RewriteRule ^/personal/guidance/(tools|tools.html)$  /personal/overview/tools.html [L,R=301]
RewriteRule ^/(tools|tools.html)$  /personal/overview/tools.html [L,R=301]
RewriteRule ^/(insurance|insurance.html|insuranceupdate|insuranceupdate.html)$  /personal/overview/super-overview/insurance-in-super.html [L,R=301]
RewriteRule ^/(superoverview[/]*|superoverview.html)$  /content/cfs-winged/au/en/personal/overview/super-overview.html [L,PT]
RewriteRule ^/content/colonial-first-state/en/personal/news-and-updates.html$  /personal/news-and-updates/market-updates.html [L,R=301]
RewriteRule ^/content/colonial-first-state/en/personal/news-and-updates/intelligent-investing-hub/grow-your-investments/switch-investments.html$  /personal/resources/faqs/your-account/switch-investments.html [L,R=301]
RewriteRule ^/content/colonial-first-state/en/personal/news-and-updates/intelligent-investing-hub/grow-your-investments/how-to-use-investment-options-menu.html$  /content/dam/prospects/fs/6/0/fs6080.pdf?4 [L,R=301]
RewriteRule ^/(superfees[/]*|superfees.html)$  /content/cfs-winged/au/en/personal/news-and-updates/intelligent-investing-hub/invest-for-your-future/how-do-the-fees-work-when-investing-in-cfs.html [L,PT]
RewriteRule ^/(intelligentinvesting|intelligentinvesting.html)$  /personal/news-and-updates/intelligent-investing-hub.html [L,R=301]
RewriteRule ^/(negativereturns|negativereturns.html)$  /personal/news-and-updates/intelligent-investing-hub/learn-about-market-volatility/market-volatility-an-overview.html [L,R=301]
RewriteRule ^/content/colonial-first-state/en/personal/news-and-updates/market-updates/what-happens-to-super-leave-australia.html$  /personal/resources/faqs/superannuation/leaving-australia.html [L,R=301]
RewriteRule ^/(news|news.html|market-updates|market-updates.html|marketupdate|marketupdate.html)$  /personal/news-and-updates/market-updates.html [L,R=301]
RewriteRule ^/content/colonial-first-state/en/personal/news-and-updates/market-updates/market-volatility-an-overview.html$  /personal/news-and-updates/intelligent-investing-hub/learn-about-market-volatility/market-volatility-an-overview.html [L,R=301]
RewriteRule ^/content/colonial-first-state/en/personal/news-and-updates/market-updates/what-happens-to-super-leave-australia1.html$  /personal/resources/faqs/superannuation/leaving-australia.html [L,R=301]
RewriteRule ^/(latestnews|latestnews.html)$  /personal/news-and-updates/latest-from-cfs.html [L,R=301]
RewriteRule ^/(personal[/]*|personal.html|personal.html[/]*|customsolutions/about[/]*|customsolutions/about.html|customsolutions/our-core-offer[/]*|customsolutions/our-core-offer.html|customsolutions/careers[/]*|customsolutions/careers.html|customsolutions/contact[/]*|customsolutions/contact.html)$  /content/cfs-winged/au/en/personal.html [L,PT]
RewriteRule ^/(paperfree|paperfree.html)$  /personal/campaigns/paperfree.html [L,R=301]
RewriteRule ^/content/colonial-first-state/en/personal/campaigns/top-up/make-a-contribution.html$  /personal/campaigns/top-up/make-a-contribution/bpay.html [L,R=301]
RewriteRule ^/(supertopup2021|supertopup2021.html|contribute|contribute.html|top-up|top-up.html|boost|boost.html)$  /personal/campaigns/top-up.html [L,R=301]
RewriteRule ^/content/colonial-first-state/en/personal/campaigns/digital-correspondence-optout.html$  /personal.html [L,R=301]
RewriteRule ^/(digital-optout|digital-optout.html)$  /personal.html [L,R=301]
RewriteRule ^/(pandemicinsurance|pandemicinsurance.html)$  /personal/campaigns/your-cover-through-the-coronavirus-pandemic.html [L,R=301]
RewriteRule ^/(feechange|feechange.html)$  /personal/campaigns/firstchoice-employer-super-fees.html [L,R=301]
RewriteRule ^/content/colonial-first-state/en/personal/campaigns/understanding-non-lapsing-death-beneficiaries.html$  /personal/campaigns/statement-hub/understanding-non-lapsing-death-beneficiaries.html [L,R=301]
RewriteRule ^/eofy[/]*$  /content/colonial-first-state/en/personal/campaigns/eofy.html [L,PT]
RewriteRule ^/eofy.html$  /content/colonial-first-state/en/personal/campaigns/eofy.html [L,PT]
RewriteRule ^/content/colonial-first-state/en/personal/campaigns/opt-out.html$  /personal/campaigns/opt-out/investor-opt-out.html [L,R=301]
RewriteRule ^/content/colonial-first-state/en/personal/campaigns/opt-out/investor-opt-out/update-your-details.html$  /personal/resources/faqs/your-account/How-to-change-your-communications-preferences.html [L,R=301]
RewriteRule ^/content/colonial-first-state/en/personal/campaigns/Three-steps-to-better-super-video-redirect.html$  https://player.vimeo.com/video/220883731 [L,R=301]
RewriteRule ^/(bettersuper|bettersuper.html)$  https://player.vimeo.com/video/220883731 [L,R=301]
RewriteRule ^/(combinemysuper|combinemysuper.html)$  /personal/campaigns/combining-your-colonial-first-state-super-accounts.html [L,R=301]
RewriteRule ^/(welcomemodern[/]*|welcomemodern.html)$  /content/cfs-winged/au/en/personal/campaigns/welcome-to-modern.html [L,PT]
RewriteRule ^/content/colonial-first-state/en/personal/campaigns/insurance/insurance-in-your-super-account.html$  /personal/overview/super-overview/insurance-in-super.html [L,R=301]
RewriteRule ^/content/colonial-first-state/en/personal/campaigns/insurance/sci-frequently-asked-questions.html$  /personal/campaigns/insurance/frequently-asked-questions.html [L,R=301]
RewriteRule ^/content/colonial-first-state/en/personal/campaigns/insurance/reinstatement-sci.html$  /content/dam/prospects/fs/7/3/fs7394.pdf [L,R=301]
RewriteRule ^/(reinstatementsci|reinstatementsci.html)$  /content/dam/prospects/fs/7/3/fs7394.pdf [L,R=301]
RewriteRule ^/content/colonial-first-state/en/personal/campaigns/insurance.html$  /personal/overview/super-overview/insurance-in-super.html [L,R=301]
RewriteRule ^/(insurance|insurance.html)$  /personal/overview/super-overview/insurance-in-super.html [L,R=301]
RewriteRule ^/content/colonial-first-state/en/personal/campaigns/insurance/why-have-insurance-in-your-super-fund.html$  /personal/resources/faqs/superannuation/insurance-with-your-super-account.html [L,R=301]
RewriteRule ^/(firstwrapupdate|firstwrapupdate.html)$  /personal/campaigns/firstwrap-government-super-provisions.html [L,R=301]
RewriteRule ^/(bonds|bonds.html)$  /personal/campaigns/fixed-Interest-Investments.html [L,R=301]
RewriteRule ^/content/colonial-first-state/en/personal/campaigns/google-play-download.html$  https://play.google.com/store/apps/details?id=au.com.cfs.mobile [L,R=301]
RewriteRule ^/(googleplay|googleplay.html)$  https://play.google.com/store/apps/details?id=au.com.cfs.mobile [L,R=301]
RewriteRule ^/content/colonial-first-state/en/personal/campaigns/less-fees/make-a-contribution.html$  /personal/campaigns/less-fees/make-a-contribution/bpay.html [L,R=301]
RewriteRule ^/(lessfees|lessfees.html)$  /personal/campaigns/less-fees.html [L,R=301]
RewriteRule ^/(insurancecancelled|insurancecancelled.html)$  /personal/campaigns/insurancecancelled.html [L,R=301]
RewriteRule ^/(pensionminimums|pensionminimums.html)$  /personal/campaigns/50-percent-reduction-in-pension-minimums-extended-to-30-June-2022.html [L,R=301]
RewriteRule ^/content/colonial-first-state/en/personal/campaigns/investor-review.html$  /personal/campaigns/statement-hub.html [L,R=301]
RewriteRule ^/(statementinfo|statementinfo.html)$  /personal/campaigns/statement-hub.html [L,R=301]
RewriteRule ^/content/colonial-first-state/en/personal/campaigns/more-future/make-a-contribution.html$  /personal/campaigns/more-future/make-a-contribution/bpay.html [L,R=301]
RewriteRule ^/(morefuture|morefuture.html)$  /personal/campaigns/more-future.html [L,R=301]
RewriteRule ^/content/colonial-first-state/en/personal/campaigns/firstNet-investor-updates/your-oin-and-password.html$  /personal/resources/faqs/your-account/online-identity-number.html [L,R=301]
RewriteRule ^/content/colonial-first-state/en/personal/campaigns/firstNet-investor-updates/update-your-details.html$  /personal/resources/faqs/your-account/view-statement-online.html [L,R=301]
RewriteRule ^/resources/(firstNet-investor-updates|firstNet-investor-updates.html)$  /personal/campaigns/firstNet-investor-updates/default.html [L,R=301]
RewriteRule ^/resources/firstNet-investor-updates/(key-features-of-firstnet-investor-video|key-features-of-firstnet-investor-video.html)$  /personal/campaigns/firstNet-investor-updates/key-features-of-firstnet-investor-video.html [L,R=301]
RewriteRule ^/content/colonial-first-state/en/personal/campaigns/employee.html$  /personal/products/superannuation/employer-super.html [L,R=301]
RewriteRule ^/(app|app.html)$  /personal/campaigns/app.html [L,R=301]
RewriteRule ^/(insurancecancellation|insurancecancellation.html)$  /personal/campaigns/InsuranceCancellation.html [L,R=301]
RewriteRule ^/content/colonial-first-state/en/personal/campaigns/app-store-download.html$  https://apps.apple.com/au/app/colonial-first-state/id1433864644 [L,R=301]
RewriteRule ^/(appstore|appstore.html)$  https://apps.apple.com/au/app/colonial-first-state/id1433864644 [L,R=301]
RewriteRule ^(beneficiary|beneficiary.html)$  /personal/campaigns/statement-hub/understanding-non-lapsing-death-beneficiaries.html [L,R=301]
RewriteRule ^/(market[/]*|market.html)$  /content/cfs-winged/au/en/personal/campaigns/statement-hub/important-information.html [L,PT]
RewriteRule ^/(statement-hub|statement-hub.html|investor-review|investor-review.html|statementhub|statementhub.html|investorreview|investorreview.html)$  /personal/campaigns/statement-hub.html [L,R=301]
RewriteRule ^/content/colonial-first-state/en/personal/campaigns/statement-hub/accessing-your-statement/oin-and-password.html$  /personal/resources/faqs/your-account/online-identity-number.html [L,R=301]
RewriteRule ^/content/colonial-first-state/en/personal/campaigns/statement-hub/accessing-your-statement/updating-your-details.html$  /personal/resources/faqs/your-account/update-your-account-details.html [L,R=301]
RewriteRule ^/(membermeeting|membermeeting.html)$  /personal/campaigns/annual-member-meeting.html [L,R=301]
RewriteRule ^/(supportstaff|supportstaff.html)$  /adviser/resources/support-staff.html [L,R=301]
RewriteRule ^/(10x|10x.html)$  /adviser/resources/10x.html [L,R=301]
RewriteRule ^/content/colonial-first-state/en/personal/campaigns/SG-Contributions.html$  /personal/campaigns/SG-Contributions/sg-contributions-b.html [L,R=301]
RewriteRule ^/(contributions|contributions.html)$  /personal/campaigns/SG-Contributions/sg-contributions-b.html [L,R=301]
RewriteRule ^/(assumptions|assumptions.html)$  /personal/campaigns/we-ve-lowered-fees.html [L,R=301]
RewriteRule ^/(beneficiary|beneficiary.html)$  /personal/campaigns/nominating-your-super-beneficiaries.html [L,R=301]
RewriteRule ^/content/colonial-first-state/en/personal/campaigns.html$  /personal.html [L,R=301]
RewriteRule ^/(beaconupdate|beaconupdate.html)$  /personal/campaigns/beacon-government-super-provisions.html [L,R=301]
RewriteRule ^/(bailliegifford|bailliegifford.html)$  /personal/campaigns/baillie-gifford.html [L,R=301]
RewriteRule ^/(secondhalf|secondhalf.html)$  /personal/campaigns/second-half.html [L,R=301]
RewriteRule ^/content/colonial-first-state/en/personal/campaigns/firstbenefits.html$  /personal/products/superannuation/employer-super/member-benefits2.html [L,R=301]
RewriteRule ^/(first-benefits|first-benefits.html|yourfirstbenefits|yourfirstbenefits.html)$  /personal/products/superannuation/employer-super/member-benefits2.html [L,R=301]
RewriteRule ^/(markets2022|markets2022.html)$  /personal/campaigns/market-fluctuations-and-your-statement.html [L,R=301]
RewriteRule ^/(salarysacrifice|salarysacrifice.html)$  /personal/campaigns/salary-sacrifice.html [L,R=301]
RewriteRule ^/(firstwrapapp|firstwrapapp.html|edgeapp|edgeapp.html)$  /personal/tools-resources/download-cfs-edge-app-now.html [L,R=301]
RewriteRule ^/content/colonial-first-state/en/personal/campaigns/fees-for-super-advice.html$  /personal/campaigns/fees-for-super-advice/what-are-advice-fees.html [L,R=301]
RewriteRule ^/(combiningmysuper|combiningmysuper.html)$  /personal/campaigns/combine-your-colonial-first-state-super-accounts.html [L,R=301]
RewriteRule ^/content/colonial-first-state/en/personal/campaigns/thrive-plus.html$  /thrive-plus.html [L,R=301]
RewriteRule ^/(thrive|thrive.html)$  /thrive-plus.html [L,R=301]
RewriteRule ^/(memberbenefits.html|memberbenefits|FirstBenefits|FirstBenefits.html|memberdiscounts|memberdiscounts.html)$  /personal/products/superannuation/employer-super/member-benefits.html [L,R=301]
RewriteRule ^/content/colonial-first-state/en/personal/products/superannuation/employer-super/service-and-support.html$  /personal/campaigns/firstNet-investor-updates/default.html [L,R=301]
RewriteRule ^/(member-education[/]*|member-education.html|member-education.html[/]*)$  /content/cfs-winged/au/en/personal/products/superannuation/employer-super/education.html [L,PT]
RewriteRule ^/(employersuper|employersuper.html)$  /personal/products/superannuation/employer-super.html [L,R=301]
RewriteRule ^/content/colonial-first-state/en/personal/products/superannuation/personal-super.html$  https://www.wmlicenseestandards.com.au/super.html [L,R=301]
RewriteRule ^/(mysuperdashboard|mysuperdashboard.html)$  /personal/products/mysuper-dashboard.html [L,R=301]
RewriteRule ^/(tmd|tmd.html)$  /personal/products/target-market-determinations.html [L,R=301]
RewriteRule ^/content/colonial-first-state/en/personal/products.html$  /personal/products/superannuation.html [L,R=301]
RewriteRule ^/content/colonial-first-state/en/personal/products/super.html$  /super.html [L,R=301]
RewriteRule ^/content/colonial-first-state/en/personal/products/firstwrap/insurance-in-super-code.html$  /personal/resources/faqs/superannuation/the-code.html [L,R=301]
RewriteRule ^/content/colonial-first-state/en/personal/products/firstwrap/insurance-in-super-code/insurance-in-super-transition-plan.html$  /personal/resources/faqs/superannuation/the-code.html [L,R=301]
RewriteRule ^/customsolutions/about/(SMSFinformation|SMSFinformation.html)$  /personal/products/firstwrap/smsf-information.html [L,R=301]
RewriteRule ^/firstwrap/(investors|investors.html)$  /personal/products/firstwrap.html [L,R=301]
RewriteRule ^/adviser/platforms/firstwrap/(investors|investors.html)$  /personal/products/firstwrap.html [L,R=301]
RewriteRule ^/(firstwrap|firstwrap.html)$  /personal/products/firstwrap.html [L,R=301]
RewriteRule ^/content/colonial-first-state/en/personal/products/firstwrap/insuranceupdate.html$  /personal/overview/super-overview/insurance-in-super.html [L,R=301]
RewriteRule ^/content/colonial-first-state/en/personal/products/products-and-update/changes-significant-and-premium-investor-visa-options.html$  /personal/products/products-and-update/significant-investor-visa-solutions.html [L,R=301]
RewriteRule ^/(sivsolutions|sivsolutions.html)$  /personal/products/products-and-update/significant-investor-visa-solutions.html [L,R=301]
RewriteRule ^/product-education/product-updates/transferring-accrued-default-amounts-firstchoice-employer-super.html$  /personal/products/products-and-update/transferring-ada-fces.html [L,R=301]
RewriteRule ^/(product-updates|product-updates.html)$  /personal/products/products-and-update.html [L,R=301]
RewriteRule ^/content/colonial-first-state/en/personal/products/statementdates1.html$  /personal/campaigns/statement-hub.html [L,R=301]
RewriteRule ^/content/colonial-first-state/en/personal/products/annual-members-meeting.html$  https://cfs.eventsair.com/annual-member-meeting/-registration/Site/Register [L,R=301]
RewriteRule ^/AMM/(Register|Register.html)$  https://cfs.eventsair.com/annual-member-meeting/-registration/Site/Register [L,R=301]
RewriteRule ^/(planbudget|planbudget.html)$  /personal/resources/budget-tool.html [L,R=301]
RewriteRule ^/(learninghub|learninghub.html)$  /personal/resources/learning-hub.html [L,R=301]
RewriteRule ^/content/colonial-first-state/en/personal/resources/make-a-contribution.html$  /personal/resources/make-a-contribution/bpay.html [L,R=301]
RewriteRule ^/(payment-options|payment-options.html|paymentoptions|paymentoptions.html|topup|topup.html)$  /personal/resources/make-a-contribution/bpay.html [L,R=301]
RewriteRule ^/content/colonial-first-state/en/personal/resources/fni-verification-help1/verification-super.html$  /personal/resources/faqs/your-account/simpler-way-to-prove-id.html [L,R=301]
RewriteRule ^/content/colonial-first-state/en/personal/resources/fni-help/transfer-cover.html$  /personal/resources/faqs/superannuation/transfer-your-cover0.html [L,R=301]
RewriteRule ^/content/colonial-first-state/en/personal/resources/fni-help/insurance-in-super.html$  /personal/overview/super-overview/insurance-in-super.html [L,R=301]
RewriteRule ^/content/colonial-first-state/en/personal/resources/fni-help/cancel-or-reduce-my-cover.html$  /personal/resources/faqs/superannuation/reduce-or-cancel.html [L,R=301]
RewriteRule ^/content/colonial-first-state/en/personal/resources/fni-help/make-a-claim.html$  /personal/resources/faqs/superannuation/make-a-claim.html [L,R=301]
RewriteRule ^/content/colonial-first-state/en/personal/resources/fni-help/insurance-election.html$  /personal/resources/faqs/superannuation/keep-your-insurance.html [L,R=301]
RewriteRule ^/content/colonial-first-state/en/personal/resources/fni-help/cost-of-your-premium.html$  /personal/resources/faqs/superannuation/how-premiums-work0.html [L,R=301]
RewriteRule ^/content/colonial-first-state/en/personal/resources/fni-help/apply-for-cover.html$  /personal/resources/faqs/superannuation/Apply-for-new-or-additional-insurance-cover.html [L,R=301]
RewriteRule ^/content/colonial-first-state/en/personal/resources.html$  /personal/resources/research-and-tools.html [L,R=301]
RewriteRule ^/(superpds|superpds.html|pds|pds.html)$  /personal/resources/pds.html [L,R=301]
RewriteRule ^/content/colonial-first-state/en/personal/resources/pds/firstrate-saver.html$  http://www.colonialfirststate.com.au/price_performance/SaverInterestRates.aspx?menutabtype=performance&public=1 [L,R=301]
RewriteRule ^/(firstratesaver|firstratesaver.html)$  http://www.colonialfirststate.com.au/price_performance/SaverInterestRates.aspx?menutabtype=performance&public=1 [L,R=301]
RewriteRule ^/content/colonial-first-state/en/personal/resources/find-an-adviser.html$  /personal/resources/find-an-adviser/getting-started.html [L,R=301]
RewriteRule ^/content/colonial-first-state/en/personal/resources/find-an-adviser/getting-started.html$  https://www3.colonialfirststate.com.au/personal/resources/find-an-adviser/map-tool/locate.html [L,R=301]
RewriteRule ^/(find-an-adviser|find-an-adviser.html)$  https://www3.colonialfirststate.com.au/personal/resources/find-an-adviser/map-tool/locate.html [L,R=301]
RewriteRule ^/content/colonial-first-state/en/personal/resources/find-an-adviser/find-an-adviser-step-4.html$  /personal/resources/find-an-adviser/map-tool/locate.html [L,R=301]
RewriteRule ^/content/colonial-first-state/en/personal/resources/find-an-adviser/map-tool/locate.html$  https://cfs.findadviser.com.au/home [L,R=301]
RewriteRule ^/(findanadviser|findanadviser.html)$  https://cfs.findadviser.com.au/home [L,R=301]
RewriteRule ^/(firstchoicelifestagetool[/]*|firstchoicelifestagetool.html|lifestage[/]*|lifestage.html)$  /content/cfs-winged/au/en/personal/resources/firstchoice-lifestage-tool.html [L,PT]
RewriteRule ^/content/colonial-first-state/en/personal/resources/open-an-account.html$  /join-now.html [L,R=301]
RewriteRule ^/(openaccount.html|openaccount)$  /join-now.html [L,R=301]
RewriteRule ^/content/colonial-first-state/en/personal/resources/funds-and-performance/change-of-details-form-investments-products-only.html$  /content/dam/prospects/fs/4/5/fs4582.pdf [L,R=301]
RewriteRule ^/(FCIform|FCIform.html|MIFform|MIFform.html|FCWIform|FCWIform.html|WMIform|WMIform.html)$  /content/dam/prospects/fs/4/5/fs4582.pdf [L,R=301]
RewriteRule ^/content/colonial-first-state/en/personal/resources/funds-and-performance/Thrive-Sustainable-Investment-Charter.html$  /content/dam/prospects/fs/7/9/fs7913.pdf [L,R=301]
RewriteRule ^/(thriveinvestmentcharter|thriveinvestmentcharter.html)$  /content/dam/prospects/fs/7/9/fs7913.pdf [L,R=301]
RewriteRule ^/content/colonial-first-state/en/personal/resources/funds-and-performance/change-of-details-form-superannuation-products-only.html$  /content/dam/prospects/fs/4/4/fs4432.pdf [L,R=301]
RewriteRule ^/(FCPSform|FCPSform.html|FCWPSform|FCWPSform.html)$  /content/dam/prospects/fs/4/4/fs4432.pdf [L,R=301]
RewriteRule ^/content/colonial-first-state/en/personal/resources/funds-and-performance/firstchoice-wholesale-personal-super-and-pension-pds.html$  https://www.colonialfirststate.com.au/forms_tools/download_multi_pdf.aspx?name=FirstChoice+Wholesale+Personal+Super+and+Pension+PDS&pdf=FS5735.pdf,FS6080.pdf,FS7870.pdf,FS7869.pdf,FS4329.pdf,FS5737.pdf,FS5383.pdf,FS6814.pdf&LiteratureId2520&adobe_mc=MCMIDD25790244303942774709115960012005092176CMCORGIDDAB765EB55C544D790A495CFA540AdobeOrgCTSD1646357688 [L,R=301]
RewriteRule ^/(fcwps|fcwps.html)$  https://www.colonialfirststate.com.au/forms_tools/download_multi_pdf.aspx?name=FirstChoice+Wholesale+Personal+Super+and+Pension+PDS&pdf=FS5735.pdf,FS6080.pdf,FS7870.pdf,FS7869.pdf,FS4329.pdf,FS5737.pdf,FS5383.pdf,FS6814.pdf&LiteratureId2520&adobe_mc=MCMIDD25790244303942774709115960012005092176CMCORGIDDAB765EB55C544D790A495CFA540AdobeOrgCTSD1646357688 [L,R=301]
RewriteRule ^/content/colonial-first-state/en/personal/resources/funds-and-performance/essential-super-change-of-details.html$  https://www.commbank.com.au/content/dam/commbank-assets/super-retiring/docs/es-change-of-detail-form.pdf [L,R=301]
RewriteRule ^/(ESform|ESform.html)$  https://www.commbank.com.au/content/dam/commbank-assets/super-retiring/docs/es-change-of-detail-form.pdf [L,R=301]
RewriteRule ^/content/colonial-first-state/en/personal/resources/funds-and-performance/FirstChoice-Employer-Super-Fund-Nomination-form-redirect.html$  /content/dam/prospects/fs/6/0/fs6059.pdf [L,R=301]
RewriteRule ^/(fundnomination|fundnomination.html)$  /content/dam/prospects/fs/6/0/fs6059.pdf [L,R=301]
RewriteRule ^/(memberoutcomes|memberoutcomes.html)$  /personal/resources/funds-and-performance/member-outcomes-assessment.html [L,R=301]
RewriteRule ^/content/colonial-first-state/en/personal/resources/funds-and-performance/performance-and-prices.html$  /personal/resources/funds-and-performance.html [L,R=301]
RewriteRule ^/(SaverReturn|SaverReturn.html|saverreturn|saverreturn.html)$  /personal/resources/funds-and-performance/firstrate-interest-rates.html [L,R=301]
RewriteRule ^/content/colonial-first-state/en/personal/resources/funds-and-performance/Consolidating-your-super-redirect.html$  /content/dam/prospects/fs/5/7/fs5771.pdf [L,R=301]
RewriteRule ^/(consolidatingsuper|consolidatingsuper.html)$  /content/dam/prospects/fs/5/7/fs5771.pdf [L,R=301]
RewriteRule ^/(fundsandperformance|fundsandperformance.html)$  /personal/resources/funds-and-performance.html [L,R=301]
RewriteRule ^/content/colonial-first-state/en/personal/resources/funds-and-performance/FirstChoice-Employer-Super-Member-PDS.html$  https://www.colonialfirststate.com.au/forms_tools/download_multi_pdf.aspx?name=FirstChoice+Employer+Super+Member+PDS&pdf=FS743.pdf,FS734.pdf,FS1999.pdf,FS5115.pdf,FS5383.pdf,FS5486.pdf,FS5488.pdf&LiteratureId386 [L,R=301]
RewriteRule ^/(fcesinv|fcesinv.html)$  https://www.colonialfirststate.com.au/forms_tools/download_multi_pdf.aspx?name=FirstChoice+Employer+Super+PDS&pdf=FS743.pdf,FS734.pdf,FS1999.pdf,FS7913.pdf,FS8063.pdf,FS5115.pdf,FS5113.pdf,FS5383.pdf,FS8110.pdf&LiteratureId386 [L,R=301]
RewriteRule ^/content/colonial-first-state/en/personal/resources/funds-and-performance/Non-lapsing-Death-Benefit-Nomination-Form-redirect.html$  /content/dam/prospects/fs/4/7/fs4700.pdf [L,R=301]
RewriteRule ^/(nominate|nominate.html)$  /content/dam/prospects/fs/4/7/fs4700.pdf [L,R=301]
RewriteRule ^/content/colonial-first-state/en/personal/resources/funds-and-performance/fc-wholesale-investments.html$  https://www.colonialfirststate.com.au/forms_tools/download_multi_pdf.aspx?name=FirstChoice+Wholesale+Investments+PDS&pdf=FS1492.pdf,FS6080.pdf,FS5111.pdf,FS5383.pdf,FS5136.pdf&LiteratureId2130 [L,R=301]
RewriteRule ^/(fcwinv|fcwinv.html)$  https://www.colonialfirststate.com.au/forms_tools/download_multi_pdf.aspx?name=FirstChoice+Wholesale+Investments+PDS&pdf=FS1492.pdf,FS6080.pdf,FS5111.pdf,FS5383.pdf,FS5136.pdf&LiteratureId2130 [L,R=301]
RewriteRule ^/content/colonial-first-state/en/personal/resources/funds-and-performance/Fee-reduction-for-Commonwealth-Essential-Super-redirect.html$  /content/dam/prospects/fs/7/7/fs7753.pdf [L,R=301]
RewriteRule ^/(esfeechange|esfeechange.html)$  /content/dam/prospects/fs/7/7/fs7753.pdf [L,R=301]
RewriteRule ^/content/colonial-first-state/en/personal/resources/funds-and-performance/FirstChoice-Employer-Super-employer-PDS-redirect.html$  https://www.colonialfirststate.com.au/forms_tools/download_multi_pdf.aspx?name=FirstChoice+Employer+Super+Employer+PDS&pdf=FS859.pdf,FS734.pdf,FS1999.pdf,FS5113.pdf,FS5383.pdf,FS5486.pdf,FS5488.pdf&LiteratureId387 [L,R=301]
RewriteRule ^/(fces|fces.html)$  https://www.colonialfirststate.com.au/forms_tools/download_multi_pdf.aspx?name=FirstChoice+Employer+Super+Employer+PDS&pdf=FS859.pdf,FS734.pdf,FS1999.pdf,FS5113.pdf,FS5383.pdf,FS5486.pdf,FS5488.pdf&LiteratureId387 [L,R=301]
RewriteRule ^/(PHD|PHD.html|phd|phd.html|portfolio-holdings-tool|portfolio-holdings-tool.html)$  /personal/resources/funds-and-performance/portfolio-holdings.html [L,R=301]
RewriteRule ^/content/colonial-first-state/en/personal/resources/funds-and-performance/firstchoice-employer-super-change-of-details-form.html$  /content/dam/prospects/fs/9/4/fs949.pdf [L,R=301]
RewriteRule ^/(FCESform|FCESform.html)$  /content/dam/prospects/fs/9/4/fs949.pdf [L,R=301]
RewriteRule ^/content/colonial-first-state/en/personal/resources/funds-and-performance/change-of-details-form-pension-products-only.html$  /content/dam/prospects/fs/4/5/fs4583.pdf [L,R=301]
RewriteRule ^/(FCPform|FCPform.html|FCWPform.html|FCWPform)$  /content/dam/prospects/fs/4/5/fs4583.pdf [L,R=301]
RewriteRule ^/content/colonial-first-state/en/personal/resources/find-a-form/redirect-changes-of-details-form.html$  /personal/resources/find-a-form/find-a-form.html?id=change-of-details [L,R=301]
RewriteRule ^/(change-of-details|change-of-details.html|changeofdetails|changeofdetails.html)$  /personal/resources/find-a-form/find-a-form.html?id=change-of-details [L,R=301]
RewriteRule ^/taxguides.html$  /personal/resources/find-a-form/tax-guides.html [L,R=301]
RewriteRule ^/content/colonial-first-state/en/personal/resources/find-a-form.html$  /personal/resources/find-a-form/popular-forms.html [L,R=301]
RewriteRule ^/(forms|forms.html)$  /personal/resources/find-a-form/find-a-form.html [L,R=301]
RewriteRule ^/content/colonial-first-state/en/personal/resources/find-a-form/insurance-forms/life-insurance-claim-authority-form.html$  /content/dam/prospects/fs/7/8/fs7811.pdf [L,R=301]
RewriteRule ^/(lifeinsuranceclaimauthority|lifeinsuranceclaimauthority.html)$  /content/dam/prospects/fs/7/8/fs7811.pdf [L,R=301]
RewriteRule ^/content/colonial-first-state/en/personal/resources/find-a-form/tax=guides.html$  https://www3.colonialfirststate.com.au/personal/resources/find-a-form/tax-guides.html [L,R=301]
RewriteRule ^/content/colonial-first-state/en/personal/resources/faqs/superannuation/super-rollover.html$  /personal/resources/faqs/superannuation/i-want-to-consolidate-my-super.html [L,R=301]
RewriteRule ^/content/colonial-first-state/en/personal/resources/faqs/superannuation/how-do-i-make-an-insurance-claim.html$  /personal/resources/faqs/superannuation/make-a-claim.html [L,R=301]
RewriteRule ^/content/colonial-first-state/en/personal/resources/faqs/superannuation/cancel-or-reduce-your-cover.html$  /personal/resources/faqs/superannuation/reduce-or-cancel.html [L,R=301]
RewriteRule ^/(cancelinsurance|cancelinsurance.html)$  /personal/resources/faqs/superannuation/reduce-or-cancel.html [L,R=301]
RewriteRule ^/(supercontributions|supercontributions.html)$  /personal/resources/faqs/superannuation/understanding-the-basic-of-super.html [L,R=301]
RewriteRule ^/(consolidate[/]*|consolidate.html)$  /content/cfs-winged/au/en/personal/resources/faqs/superannuation/i-want-to-consolidate-my-super.html [L,PT]
RewriteRule ^/content/colonial-first-state/en/personal/resources/faqs/superannuation/consolidate-super.html$  /personal/resources/faqs/superannuation/i-want-to-consolidate-my-super.html [L,R=301]
RewriteRule ^(consolidate|consolidate.html)$  /personal/resources/faqs/superannuation/i-want-to-consolidate-my-super.html [L,R=301]
RewriteRule ^/content/colonial-first-state/en/personal/resources/faqs/superannuation/sg-entitlements.html$  /personal/resources/faqs/superannuation/taking-your-super-to-new-job.html [L,R=301]
RewriteRule ^/content/colonial-first-state/en/personal/resources/faqs/superannuation/super-as-cash.html$  /personal/resources/faqs/superannuation/when-withdraw.html [L,R=301]
RewriteRule ^/content/colonial-first-state/en/personal/resources/faqs/superannuation/how-does-super-work.html$  /personal/resources/faqs/superannuation/understanding-the-basic-of-super.html [L,R=301]
RewriteRule ^/(cancelinsurance|cancelinsurance.html)$  /personal/resources/faqs/superannuation/reduce-or-cancel.html [L,R=301]
RewriteRule ^/content/colonial-first-state/en/personal/resources/faqs/superannuation/non-lapsing-death-benefit.html$  /personal/resources/faqs/superannuation/making-death-benefit-nomination.html [L,R=301]
RewriteRule ^/content/colonial-first-state/en/personal/resources/faqs/superannuation/super-caps.html$  /personal/resources/faqs/superannuation/understanding-the-basic-of-super.html [L,R=301]
RewriteRule ^/content/colonial-first-state/en/personal/resources/faqs/superannuation/super-and-tax-saving.html$  /personal/overview/super-overview/Grow-and-add-to-your-super.html [L,R=301]
RewriteRule ^/(claim|claim.html)$  /personal/resources/faqs/superannuation/make-a-claim.html [L,R=301]
RewriteRule ^/(missingcontributions[/]*|missingcontributions.html)$  /content/cfs-winged/au/en/personal/resources/faqs/superannuation/take-your-super-with-you-to-a-new-job.html [L,PT]
RewriteRule ^/content/colonial-first-state/en/personal/resources/faqs/superannuation/preservation-age.html$  /personal/resources/faqs/retirement/creating-an-incoming-stream-for-retirement.html [L,R=301]
RewriteRule ^/content/colonial-first-state/en/personal/resources/faqs/superannuation/when-can-i-access-my-super.html$  /personal/resources/faqs/superannuation/making-death-benefit-nomination.html [L,R=301]
RewriteRule ^/content/colonial-first-state/en/personal/resources/faqs/superannuation/partial-rollover.html$  /personal/resources/faqs/superannuation/i-want-to-consolidate-my-super.html [L,R=301]
RewriteRule ^/content/colonial-first-state/en/personal/resources/faqs/superannuation/check-lost-super.html$  /personal/resources/faqs/superannuation/check-other-super.html [L,R=301]
RewriteRule ^/content/colonial-first-state/en/personal/resources/faqs/superannuation/death-benefit-paid.html$  /personal/resources/faqs/superannuation/making-death-benefit-nomination.html [L,R=301]
RewriteRule ^/content/colonial-first-state/en/personal/resources/faqs/superannuation/binding-death-nomination.html$  /personal/resources/faqs/superannuation/making-death-benefit-nomination.html [L,R=301]
RewriteRule ^/content/colonial-first-state/en/personal/resources/faqs/firstnet.html$  /personal/resources/faqs/your-account.html [L,R=301]
RewriteRule ^/content/colonial-first-state/en/personal/resources/faqs.html$  /personal/resources/faqs/superannuation.html [L,R=301]
RewriteRule ^/(confirmswitch|confirmswitch.html)$  /personal/resources/faqs/financial-advice/how-switch-consent.html [L,R=301]
RewriteRule ^/(aboutadvicefees[/]*|aboutadvicefees.html)$  /content/cfs-winged/au/en/personal/resources/faqs/financial-advice/asf-how-review.html [L,PT]
RewriteRule ^/(findaccountnumber[/]*|findaccountnumber.html)$  /content/cfs-winged/au/en/personal/resources/faqs/your-account/find-account-number.html [L,PT]
RewriteRule ^/(firstnetchangeinvestments[/]*|firstnetchangeinvestments.html)$  /content/cfs-winged/au/en/personal/resources/faqs/your-account/switch-investments.html [L,PT]
RewriteRule ^/(firstnetuploadforms[/]*|firstnetuploadforms.html)$  /content/cfs-winged/au/en/personal/resources/faqs/your-account/upload-forms.html [L,PT]
RewriteRule ^/(withdrawmoney[/]*|withdrawmoney.html)$  /content/cfs-winged/au/en/personal/resources/faqs/your-account/withdraw-money.html [L,PT]
RewriteRule ^/(firstnetmemberportal[/]*|firstnetmemberportal.html)$  /content/cfs-winged/au/en/personal/resources/faqs/your-account/firstnet-member-portal.html [L,PT]
RewriteRule ^/(managingsuperonline[/]*|managingsuperonline.html)$  /content/cfs-winged/au/en/personal/resources/faqs/your-account/managing-your-super-online.html [L,PT]
RewriteRule ^/(loginhelp[/]*|loginhelp.html|firstnetloginhelp[/]*|firstnetloginhelp.html)$  /content/cfs-winged/au/en/personal/resources/faqs/your-account/login-help.html [L,PT]
RewriteRule ^/(switchonline[/]*|switchonline.html|firstnetonlinestatements[/]*|firstnetonlinestatements.html)$  /content/cfs-winged/au/en/personal/resources/faqs/your-account/make-the-switch-to-online-statements.html [L,PT]
RewriteRule ^/(firstnetonlineidentitynumber[/]*|firstnetonlineidentitynumber.html)$  /content/cfs-winged/au/en/personal/resources/faqs/your-account/online-identity-number.html [L,PT]
RewriteRule ^/(faqs|faqs.html|firstnetswitchhelp|firstnetswitchhelp.html)$  /personal/resources/faqs/your-account.html [L,R=301]
RewriteRule ^/(yourbalance|yourbalance.html)$  /personal/resources/faqs/your-account/your-account-balance.html [L,R=301]
RewriteRule ^/(accountupdate[/]*|accountupdate.html|firstnetupdateaccountdetails[/]*|firstnetupdateaccountdetails.html)$  /content/cfs-winged/au/en/personal/resources/faqs/your-account/update-your-account-details.html [L,PT]
RewriteRule ^/(firstnetstatement[/]*|firstnetstatement.html)$  /content/cfs-winged/au/en/personal/resources/faqs/your-account/view-statement-online.html [L,PT]
RewriteRule ^/(firstnetcommunicationpreferences[/]*|firstnetcommunicationpreferences.html)$  /content/cfs-winged/au/en/personal/resources/faqs/your-account/How-to-change-your-communications-preferences.html [L,PT]
RewriteRule ^/(mobileapp[/]*|mobileapp.html)$  /content/cfs-winged/au/en/personal/resources/faqs/your-account/get-all-your-info-on-the-go.html [L,PT]
RewriteRule ^/content/colonial-first-state/en/personal/resources/faqs/your-account/self-service-options.html$  /personal/resources/faqs/your-account/firstnet-member-portal.html [L,R=301]
RewriteRule ^/content/colonial-first-state/en/personal/resources/faqs/retirement/how-much-super.html$  /personal/resources/faqs/retirement/retirement-how-much-super-will-i-need.html [L,R=301]
RewriteRule ^/content/colonial-first-state/en/personal/resources/faqs/retirement/estate-planning.html$  /personal/resources/faqs/superannuation/making-death-benefit-nomination.html [L,R=301]
RewriteRule ^/content/colonial-first-state/en/personal/resources/faqs/retirement/age-pension-qualify.html$  /personal/resources/faqs/superannuation/when-withdraw.html [L,R=301]
RewriteRule ^/content/colonial-first-state/en/personal/resources/faqs/retirement/what-age-qualify-age-pension.html$  /personal/resources/faqs/superannuation/when-withdraw.html [L,R=301]
RewriteRule ^/(firstnetcentrelinkpensionincomedetails[/]*|firstnetcentrelinkpensionincomedetails.html)$  /content/cfs-winged/au/en/personal/resources/faqs/retirement/how-to-access-your-centrelink-pension-income-details.html [L,PT]
RewriteRule ^/content/colonial-first-state/en/personal/resources/faqs/retirement/ttr-strategy.html$  /personal/overview/retirement-overview/moving-into-retirement.html [L,R=301]
RewriteRule ^/content/colonial-first-state/en/personal/resources/faqs/retirement/when-retire.html$  /personal/resources/faqs/superannuation/when-withdraw.html [L,R=301]
RewriteRule ^/content/colonial-first-state/en/personal/resources/faqs/retirement/how-much-retire.html$  /personal/resources/faqs/retirement/retirement-how-much-super-will-i-need.html [L,R=301]
RewriteRule ^/content/colonial-first-state/en/personal/resources/faqs/investments/asset-allocation.html$  /personal/overview/intelligent-investing.html [L,R=301]
RewriteRule ^/content/colonial-first-state/en/personal/resources/faqs/investments/basic-investing-steps.html$  /personal/overview/articles/budgeting-tips-saving-101.html [L,R=301]
RewriteRule ^/content/colonial-first-state/en/personal/resources/faqs/investments/core-manager.html$  /personal/overview/intelligent-investing.html [L,R=301]
RewriteRule ^/content/colonial-first-state/en/personal/resources/faqs/investments/asset-classes.html$  /personal/overview/intelligent-investing.html [L,R=301]
RewriteRule ^/content/colonial-first-state/en/personal/resources/faqs/investments/investment-style.html$  /personal/overview/intelligent-investing.html [L,R=301]
RewriteRule ^/content/colonial-first-state/en/personal/resources/faqs/investments/choose-investment-option.html$  /personal/resources/faqs/your-account/self-service-options.html [L,R=301]
RewriteRule ^/content/colonial-first-state/en/personal/resources/faqs/investments/mandate.html$  /personal/overview/intelligent-investing.html [L,R=301]
RewriteRule ^/(withdrawinvestmentsaccount[/]*|withdrawinvestmentsaccount.html)$  /content/cfs-winged/au/en/personal/resources/faqs/investments/make-withdrawal-from-your-investments-account.html [L,PT]
RewriteRule ^/content/colonial-first-state/en/personal/resources/faqs/investments/multi-manager.html$  /personal/news-and-updates/intelligent-investing-hub/invest-for-your-future/how-do-managed-funds-work.html [L,R=301]
RewriteRule ^/(firstchoiceoptions|firstchoiceoptions.html)$  /personal/news-and-updates/latest-from-cfs/firstchoice-investment-options-have-been-renamed.html [L,R=301]
RewriteRule ^/(firstratereturns|firstratereturns.html)$ /personal/resources/funds-and-performance/firstrate-interest-rates.html [L,R=301]
RewriteRule ^/(fcinv|fcinv.html)$  https://www.colonialfirststate.com.au/forms_tools/download_multi_pdf.aspx?name=FirstChoice+Investments+PDS&pdf=FS594.pdf,FS6080.pdf,FS5111.pdf,FS5383.pdf,FS5136.pdf&LiteratureId1928x [L,R=301]

## rewrite rules from vanity end

RewriteRule ^/content/external-content(.*) - [L]

RewriteRule ^/adviser/news(.*) /adviser/platforms-adviser/news-and-updates.html [L,R=301]
RewriteRule ^/advisers/news(.*) /adviser/platform-adviser/news-and-updates/cfs-news.html [L,R=301]
RewriteRule ^/adviser/investments/funds/Managed_Risk_Strategies.html /adviser/investments-adviser/funds/managed-risk/sanlam-group.html [L,R=301]
RewriteRule ^/campaigns/specialist(.*) /adviser/investments-adviser/campaigns/investment-specialist-series.html [L,R=301]
RewriteRule ^/campaigns/firstwrap(.*) /personal/products/firstwrap.html [L,R=301]
RewriteRule ^/campaigns/marketing-ignition(.*) /adviser/platform-adviser/campaigns/marketingignition/marketing-ignition.html [L,R=301]
RewriteRule ^/resources/find-an-adviser.html /personal/resources/find-an-adviser/getting-started.html [L,R=301]
RewriteRule ^/resources/home/firsttech-app.html /adviser/platform-adviser/campaigns/firsttech-app.html [L,R=301]
RewriteRule ^/resources/home/smsf(.*) /personal/products/superannuation/smsf.html [L,R=301]
RewriteRule ^/resources/home/firstNet-investor-updates(.*) /personal/campaigns/firstNet-investor-updates.html [L,R=301]
RewriteRule ^/resources/looking-for-financial-advice(.*) /personal/resources/find-an-adviser/getting-started.html [L,R=301]
RewriteRule ^/specialist(.*) /adviser/investments-adviser/campaigns/investment-specialist-series.html [L,R=301]


RewriteCond %{REQUEST_URI} ^/product-education/managed-funds/apply-online.html [OR]
RewriteCond %{REQUEST_URI} ^/product-education/retirement/apply-online.html
RewriteRule (.*) /personal/resources/open-an-account.html [L,R=301]

RewriteCond %{REQUEST_URI} ^/campaigns/investor-review(.*) [OR]
RewriteCond %{REQUEST_URI} ^/investor-review(.*)
RewriteRule (.*) /personal/campaigns/investor-review.html [L,R=301]

RewriteCond %{REQUEST_URI} ^/advisers/investments(.*) [OR]
RewriteCond %{REQUEST_URI} ^/adviser/investments/about-us(.*) [OR]
RewriteCond %{REQUEST_URI} ^/adviser/investments/contact-us(.*) [OR]
RewriteCond %{REQUEST_URI} ^/adviser/investments/default(.*) [OR]
RewriteCond %{REQUEST_URI} ^/adviser/investments/latest-insights(.*) [OR]
RewriteCond %{REQUEST_URI} ^/adviser/investments/performance(.*) [OR]
RewriteCond %{REQUEST_URI} ^/adviser/investments/resources/education(.*) [OR]
RewriteCond %{REQUEST_URI} ^/adviser/investments/resources/regulatory-reform(.*) [OR]
RewriteCond %{REQUEST_URI} ^/adviser/investments/resources/tools(.*) [OR]
RewriteCond %{REQUEST_URI} ^/adviser/investments/funds/alternatives/diversified-futures-fund\.html [OR]
RewriteCond %{REQUEST_URI} ^/adviser/investments/funds/alternatives/performance-update-2016\.html [OR]
RewriteCond %{REQUEST_URI} ^/adviser/investments/funds/alternatives/The-benefits-of-managed-futures\.html [OR]
RewriteCond %{REQUEST_URI} ^/adviser/investments/funds/aus-equities(.*) [OR]
RewriteCond %{REQUEST_URI} ^/adviser/investments/funds/fixed-income(.*) [OR]
RewriteCond %{REQUEST_URI} ^/adviser/investments/funds/fixed-income-and-cash(.*) [OR]
RewriteCond %{REQUEST_URI} ^/adviser/investments/funds/australian-equities/australian-equity-fund\.html [OR]
RewriteCond %{REQUEST_URI} ^/adviser/investments/funds/australian-equities/australian-equity-long-short-fund\.html [OR]
RewriteCond %{REQUEST_URI} ^/adviser/investments/funds/australian-equities/australian-share-core\.html [OR]
RewriteCond %{REQUEST_URI} ^/adviser/investments/funds/australian-equities/cfsgam-australian-share-fund\.html [OR]
RewriteCond %{REQUEST_URI} ^/adviser/investments/funds/australian-equities/concentrated-australian-fund\.html [OR]
RewriteCond %{REQUEST_URI} ^/adviser/investments/funds/australian-equities/developing-companies-fund\.html [OR]
RewriteCond %{REQUEST_URI} ^/adviser/investments/funds/australian-equities/enhanced-yield-fund\.html [OR]
RewriteCond %{REQUEST_URI} ^/adviser/investments/funds/australian-equities/equity-income-fund\.html [OR]
RewriteCond %{REQUEST_URI} ^/adviser/investments/funds/australian-equities/future-leaders-fund\.html [OR]
RewriteCond %{REQUEST_URI} ^/adviser/investments/funds/australian-equities/geared-australian-share-core\.html [OR]
RewriteCond %{REQUEST_URI} ^/adviser/investments/funds/australian-equities/geared-share-fund\.html [OR]
RewriteCond %{REQUEST_URI} ^/adviser/investments/funds/australian-equities/imputation-fund\.html [OR]
RewriteCond %{REQUEST_URI} ^/adviser/investments/funds/australian-equities/realindex-australian-equity-fund\.html [OR]
RewriteCond %{REQUEST_URI} ^/adviser/investments/funds/australian-equities/small-companies-core\.html [OR]
RewriteCond %{REQUEST_URI} ^/adviser/investments/funds/australian-equities/small-companies-fund\.html [OR]
RewriteCond %{REQUEST_URI} ^/adviser/investments/funds/global-equities/acadian-quant-yield-fund-class-a\.html [OR]
RewriteCond %{REQUEST_URI} ^/adviser/investments/funds/global-equities/cfs-worldwide-leaders-fund\.html [OR]
RewriteCond %{REQUEST_URI} ^/adviser/investments/funds/global-equities/emerging-markets-share-fund\.html [OR]
RewriteCond %{REQUEST_URI} ^/adviser/investments/funds/global-equities/geared-global-equity-fund\.html [OR]
RewriteCond %{REQUEST_URI} ^/adviser/investments/funds/global-equities/geared-global-share-fund\.html [OR]
RewriteCond %{REQUEST_URI} ^/adviser/investments/funds/global-equities/generation-wholesale-global-share-fund\.html [OR]
RewriteCond %{REQUEST_URI} ^/adviser/investments/funds/global-equities/global-emerging-markets-select-fund\.html [OR]
RewriteCond %{REQUEST_URI} ^/adviser/investments/funds/global-equities/global-equity-fund\.html [OR]
RewriteCond %{REQUEST_URI} ^/adviser/investments/funds/global-equities/global-equity-long-short-fund\.html [OR]
RewriteCond %{REQUEST_URI} ^/adviser/investments/funds/global-equities/global-managed-volatility-equity-fund\.html [OR]
RewriteCond %{REQUEST_URI} ^/adviser/investments/funds/global-equities/global-share-class-A\.html [OR]
RewriteCond %{REQUEST_URI} ^/adviser/investments/funds/global-equities/global-share-fund\.html [OR]
RewriteCond %{REQUEST_URI} ^/adviser/investments/funds/global-equities/global-share-hedged-fund\.html [OR]
RewriteCond %{REQUEST_URI} ^/adviser/investments/funds/global-equities/realindex-emerging-markets-share-fund\.html [OR]
RewriteCond %{REQUEST_URI} ^/adviser/investments/funds/global-equities/realindex-global-share-fund\.html [OR]
RewriteCond %{REQUEST_URI} ^/adviser/investments/funds/global-equities/realindex-global-share-hedged-fund\.html [OR]
RewriteCond %{REQUEST_URI} ^/adviser/investments/funds/global-equities/SI_Worldwide_Sustainability_ClassA\.html [OR]
RewriteCond %{REQUEST_URI} ^/adviser/investments/funds/global-equities/SI-worldwide-leaders-fund\.html [OR]
RewriteCond %{REQUEST_URI} ^/adviser/investments/funds/global-equities/wholesale-global-share-fund\.html [OR]
RewriteCond %{REQUEST_URI} ^/adviser/investments/funds/global-resources/global-resources-fund\.html [OR]
RewriteCond %{REQUEST_URI} ^/adviser/investments/funds/global-resources/global-resources-tactical-fund\.html [OR]
RewriteCond %{REQUEST_URI} ^/adviser/investments/funds/global-resources/global-soft-commodity-share-fund\.html [OR]
RewriteCond %{REQUEST_URI} ^/adviser/investments/funds/multi-asset\.html [OR]
RewriteCond %{REQUEST_URI} ^/adviser/investments/funds/multi-asset/(.*) [OR]
RewriteCond %{REQUEST_URI} ^/adviser/investments/funds/multi-asset-solutions(.*) [OR]
RewriteCond %{REQUEST_URI} ^/adviser/investments/funds/multi-manager/multi-manager-multi-sector-portfolios\.html [OR]
RewriteCond %{REQUEST_URI} ^/adviser/investments/funds/multi-manager/multi-manager-single-sector-portfolios\.html [OR]
RewriteCond %{REQUEST_URI} ^/adviser/investments/funds/multi-manager/portfolio-changes\.html [OR]
RewriteCond %{REQUEST_URI} ^/adviser/investments/funds/property-infrastructure(.*) [OR]
RewriteCond %{REQUEST_URI} ^/adviser/investments/funds/property-and-infrastructure/geared-global-property-securities-fund.html [OR]
RewriteCond %{REQUEST_URI} ^/adviser/investments/funds/property-and-infrastructure/global-listed-infrastructure-securities-fund.html [OR]
RewriteCond %{REQUEST_URI} ^/adviser/investments/funds/property-and-infrastructure/global-property-securities-fund.html [OR]
RewriteCond %{REQUEST_URI} ^/adviser/investments/funds/property-and-infrastructure/property-securities-fund.html [OR]
RewriteCond %{REQUEST_URI} ^/campaigns/roadshow(.*) [OR]
RewriteCond %{REQUEST_URI} ^/adviser/performance-and-prices/fund-performance-and-commentaries\.html
RewriteRule (.*) /adviser/investments-adviser.html [L,R=301]

RewriteCond %{REQUEST_URI} ^/advisers/platforms(.*) [OR]
RewriteCond %{REQUEST_URI} ^/adviser/platforms/accoutbasedpension(.*) [OR]
RewriteCond %{REQUEST_URI} ^/adviser/platforms/annuities(.*) [OR]
RewriteCond %{REQUEST_URI} ^/adviser/platforms/firstchoice(.*) [OR]
RewriteCond %{REQUEST_URI} ^/campaigns/together(.*)
RewriteRule (.*) /adviser/platforms-adviser.html [L,R=301]

RewriteCond %{REQUEST_URI} ^/resources/home/news(.*) [OR]
RewriteCond %{REQUEST_URI} ^/resources/news(.*)
RewriteRule (.*) /personal/news-and-updates.html [L,R=301]

RewriteCond %{REQUEST_URI} ^/about-us/awards(.*) [OR]
RewriteCond %{REQUEST_URI} ^/about-us/careers(.*) [OR]
RewriteCond %{REQUEST_URI} ^/about-us/company-information(.*) [OR]
RewriteCond %{REQUEST_URI} ^/about-us/in-community(.*) [OR]
RewriteCond %{REQUEST_URI} ^/about-us/media-and-releases(.*) [OR]
RewriteCond %{REQUEST_URI} ^/adviser/contact-us(.*) [OR]
RewriteCond %{REQUEST_URI} ^/issuer-information\.html
RewriteRule (.*) /about-us.html [L,R=301]

RewriteCond %{REQUEST_URI} ^/super-guarantee\.html [OR]
RewriteCond %{REQUEST_URI} ^/campaigns\.html [OR]
RewriteCond %{REQUEST_URI} ^/default\.html [OR]
RewriteCond %{REQUEST_URI} ^/top-up(\d{1})\.html [OR]
RewriteCond %{REQUEST_URI} ^/increasing-the-amount-you-salary-sacrifice\.html [OR]
RewriteCond %{REQUEST_URI} ^/Topupyoursuper(.*) [OR]
RewriteCond %{REQUEST_URI} ^/product-education/product-updates/choosing-the-right-super-for-you(.*) [OR]
RewriteCond %{REQUEST_URI} ^/product-education/product-updates/transferring-accrued-default-amounts-firstchoice-employer-super(.*) [OR]
RewriteCond %{REQUEST_URI} ^/product-education/retirement/case-studies(.*) [OR]
RewriteCond %{REQUEST_URI} ^/product-education/super/apply-online(.*)
RewriteRule (.*) /personal.html [L,R=301]

#version.txt fix
RewriteRule ^/content/dam/wm/docs/brand-platform/version.txt$  /content/dam/colonial-first-state/docs/adviser/campaign/firsttech-app/version.txt [L,R=301]

RewriteRule ^/product-education/product-updates(.*) /personal/products/products-and-update.html [L,R=301]

RewriteCond %{REQUEST_URI} ^/product-education(.*) [OR]
RewriteCond %{REQUEST_URI} ^/resources(.*)
RewriteRule (.*) /personal/guidance.html [L,R=301]

RewriteRule ^/content/shared(.*)\.html - [L]

RewriteRule ^/resources/tools-calculator-update.html https://www.planyoursuper.com.au/ [L,R=301]
RewriteRule ^/content/colonial-first-state/en/adviser/investments-adviser(.*)\.html adviser/investments$1.html [L,NE,R=301]
RewriteRule ^/content/colonial-first-state/en/adviser/platform-adviser(.*)\.html adviser/platforms$1.html [L,NE,R=301]
RewriteRule ^/content/colonial-first-state/en/(.*)\.html /$1.html [NE,L,R=301]
RewriteRule ^/adviser/investments-adviser(.*)\.html  /content/cfs-winged/au/en/adviser/investments-adviser$1.html [L,NE,PT]
RewriteRule ^/adviser/platforms-adviser(.*)\.html  /content/cfs-winged/au/en/adviser/platform-adviser$1.html [L,NE,PT]

RewriteRule ^/adviser/investments(.*)\.html  /content/cfs-winged/au/en/adviser/investments-adviser$1.html [L,NE,PT]
RewriteRule ^/adviser/platforms(.*)\.html  /content/cfs-winged/au/en/adviser/platform-adviser$1.html [L,NE,PT]



RewriteCond %{REQUEST_URI} ^/.model.json$
RewriteRule (.*) /personal.model.json [L,R=301]

RewriteRule ^/content/colonial-first-state/en/(.+)$ /$1 [QSA,L,R=301]

RewriteRule ^/(fcespds|fcespds.html)$  https://www.colonialfirststate.com.au/forms_tools/download_multi_pdf.aspx?name=FirstChoice+Employer+Super+PDS&pdf=FS743.pdf,2CFS734.pdf,2CFS1999.pdf,2CFS7913.pdf,2CFS8063.pdf,2CFS5115.pdf,2CFS5113.pdf,2CFS5383.pdf,2CFS8110.pdf&LiteratureId386= [L,R=301]

RewriteRule ^/(occupationandindustry|occupationandindustry.html)$  /personal/resources/faqs/your-account/occupation.html [L,R=301]
RewriteRule ^/(sourcewealthfunds|sourcewealthfunds.html)$  /content/dam/prospects/fs/8/1/fs8147.pdf [L,R=301]

RewriteRule ^/(fcunleashed|fcunleashed.html)$  /adviser/products-platforms/platforms/firstchoice.html [L,R=301]

RewriteRule ^/(distribution-amounts|distribution-amounts.html)$  /personal/products/investments/distribution-amounts.html [L,R=301]
RewriteRule ^/(managed-investment-trust|managed-investment-trust.html)$  /personal/products/products-and-update/managed-investment-trust.html [L,R=301]
RewriteRule ^/(funds-and-performance|funds-and-performance.html)$  /personal/funds-and-performance.html [L,R=301]
RewriteRule ^/(mcr|mcr.html)$  /content/dam/prospects/fs/4/1/fs4184.pdf [L,R=301]
RewriteRule ^/(sustainable|sustainable.html)$  /content/dam/prospects/fs/8/2/fs8281.pdf [L,R=301]
RewriteRule ^/(elevate|elevate.html)$  /adviser/resources/business-resources/professional-year.html [L,R=301]
RewriteRule ^/(firstchoicenamechanges|firstchoicenamechanges.html)$  /personal/news-and-updates/latest-from-cfs/firstchoice-investment-options-have-been-renamed.html [L,R=301]
RewriteRule ^/(fy24wrap|fy24wrap.html)$  /personal/tools-resources/market-insights-news/2024-wrap-up.html [L,R=301]
RewriteRule ^/(cfsedge/pamana|cfsedge/pamana.html)$  /content/dam/prospects/p/a/m/pamana.pdf [L,R=301]
RewriteRule ^/(cfsedge/apt|cfsedge/apt.html)$  /content/dam/prospects/a/p/t/apt.pdf [L,R=301]
RewriteRule ^/(cfsedge/ewl|cfsedge/ewl.html)$  /content/dam/prospects/e/w/l/ewl.pdf [L,R=301]
RewriteRule ^/(whycfs|whycfs.html)$  /personal/super/why-choose-cfs-for-super.html [L,R=301]

Vanity

Destination

cfs.com.au/cfsedge/member

cfs.com.au/cfsedge/member.html /content/cfs-winged/au/en/cfsedge/member.htm


